experiment_role,scenario,model,pCAV,vehN,realized_pcav,seed_scope,flow_valid_run_count,requested_pcav,assignment_seed_run_count,sumo_seed_run_count,independent_random_replication_count,cav_count,flow_mean,flow_std,flow_median,flow_min,flow_max,n_valid,max_flow_mean,max_flow_std,max_flow_median,max_flow_min,max_flow_max,max_flow_count,speed_mean,speed_std,speed_median,speed_min,speed_max,speed_count,speed_var_mean,speed_var_std,speed_var_median,speed_var_min,speed_var_max,speed_var_count,det_win_mean,det_win_std,det_win_median,det_win_min,det_win_max,det_win_count,ssm_raw_mean,ssm_raw_std,ssm_raw_median,ssm_raw_min,ssm_raw_max,ssm_raw_count,ssm_inv_mean,ssm_inv_std,ssm_inv_median,ssm_inv_min,ssm_inv_max,ssm_inv_count,ssm_warm_mean,ssm_warm_std,ssm_warm_median,ssm_warm_min,ssm_warm_max,ssm_warm_count,ssm_valid_mean,ssm_valid_std,ssm_valid_median,ssm_valid_min,ssm_valid_max,ssm_valid_count,ssm_mirr_mean,ssm_mirr_std,ssm_mirr_median,ssm_mirr_min,ssm_mirr_max,ssm_mirr_count,ssm_fragment_merged_count_mean,ssm_fragment_merged_count_std,ssm_fragment_merged_count_median,ssm_fragment_merged_count_min,ssm_fragment_merged_count_max,ssm_fragment_merged_count_count,ttc_mean,ttc_std,ttc_median,ttc_min,ttc_max,ttc_count,min_ttc_mean,min_ttc_std,min_ttc_median,min_ttc_min,min_ttc_max,min_ttc_count,ttc_veh_mean,ttc_veh_std,ttc_veh_median,ttc_veh_min,ttc_veh_max,ttc_veh_count,drac_mean,drac_std,drac_median,drac_min,drac_max,drac_count,max_drac_mean,max_drac_std,max_drac_median,max_drac_min,max_drac_max,max_drac_count,eb_mean,eb_std,eb_median,eb_min,eb_max,eb_count,eb_veh_mean,eb_veh_std,eb_veh_median,eb_veh_min,eb_veh_max,eb_veh_count,lc_mean,lc_std,lc_median,lc_min,lc_max,lc_count,unsafe_lc_mean,unsafe_lc_std,unsafe_lc_median,unsafe_lc_min,unsafe_lc_max,unsafe_lc_count,unsafe_lc_ratio_mean,unsafe_lc_ratio_std,unsafe_lc_ratio_median,unsafe_lc_ratio_min,unsafe_lc_ratio_max,unsafe_lc_ratio_count,co2_mean,co2_std,co2_median,co2_min,co2_max,co2_count,nox_mean,nox_std,nox_median,nox_min,nox_max,nox_count,pmx_mean,pmx_std,pmx_median,pmx_min,pmx_max,pmx_count,fuel_mean,fuel_std,fuel_median,fuel_min,fuel_max,fuel_count,ni_co2_mean,ni_co2_std,ni_co2_median,ni_co2_min,ni_co2_max,ni_co2_count,ni_nox_mean,ni_nox_std,ni_nox_median,ni_nox_min,ni_nox_max,ni_nox_count,ni_pmx_mean,ni_pmx_std,ni_pmx_median,ni_pmx_min,ni_pmx_max,ni_pmx_count,ni_fuel_mean,ni_fuel_std,ni_fuel_median,ni_fuel_min,ni_fuel_max,ni_fuel_count,wn_co2_per_k_mean,wn_co2_per_k_std,wn_co2_per_k_median,wn_co2_per_k_min,wn_co2_per_k_max,wn_co2_per_k_count,wn_nox_per_k_mean,wn_nox_per_k_std,wn_nox_per_k_median,wn_nox_per_k_min,wn_nox_per_k_max,wn_nox_per_k_count,wn_pmx_per_k_mean,wn_pmx_per_k_std,wn_pmx_per_k_median,wn_pmx_per_k_min,wn_pmx_per_k_max,wn_pmx_per_k_count,wn_fuel_per_k_mean,wn_fuel_per_k_std,wn_fuel_per_k_median,wn_fuel_per_k_min,wn_fuel_per_k_max,wn_fuel_per_k_count,veh_km_mean,veh_km_std,veh_km_median,veh_km_min,veh_km_max,veh_km_count,non_internal_edge_vehicle_km_mean,non_internal_edge_vehicle_km_std,non_internal_edge_vehicle_km_median,non_internal_edge_vehicle_km_min,non_internal_edge_vehicle_km_max,non_internal_edge_vehicle_km_count,time_loss_mean,time_loss_std,time_loss_median,time_loss_min,time_loss_max,time_loss_count,laps_mean,laps_std,laps_median,laps_min,laps_max,laps_count,lap_mean,lap_std,lap_median,lap_min,lap_max,lap_count,lap_med_mean,lap_med_std,lap_med_median,lap_med_min,lap_med_max,lap_med_count,lap_p95_mean,lap_p95_std,lap_p95_median,lap_p95_min,lap_p95_max,lap_p95_count,lap_std_mean,lap_std_std,lap_std_median,lap_std_min,lap_std_max,lap_std_count,ttc_per_k_mean,ttc_per_k_std,ttc_per_k_median,ttc_per_k_min,ttc_per_k_max,ttc_per_k_count,whole_network_ttc_events_per_1000_non_internal_edge_veh_km_mean,whole_network_ttc_events_per_1000_non_internal_edge_veh_km_std,whole_network_ttc_events_per_1000_non_internal_edge_veh_km_median,whole_network_ttc_events_per_1000_non_internal_edge_veh_km_min,whole_network_ttc_events_per_1000_non_internal_edge_veh_km_max,whole_network_ttc_events_per_1000_non_internal_edge_veh_km_count,eb_per_k_mean,eb_per_k_std,eb_per_k_median,eb_per_k_min,eb_per_k_max,eb_per_k_count,lc_per_k_mean,lc_per_k_std,lc_per_k_median,lc_per_k_min,lc_per_k_max,lc_per_k_count,co2_per_k_mean,co2_per_k_std,co2_per_k_median,co2_per_k_min,co2_per_k_max,co2_per_k_count,nox_per_k_mean,nox_per_k_std,nox_per_k_median,nox_per_k_min,nox_per_k_max,nox_per_k_count,pmx_per_k_mean,pmx_per_k_std,pmx_per_k_median,pmx_per_k_min,pmx_per_k_max,pmx_per_k_count,fuel_per_k_mean,fuel_per_k_std,fuel_per_k_median,fuel_per_k_min,fuel_per_k_max,fuel_per_k_count,tl_per_k_mean,tl_per_k_std,tl_per_k_median,tl_per_k_min,tl_per_k_max,tl_per_k_count,delay_mean,delay_std,delay_median,delay_min,delay_max,delay_count,delay_p95_mean,delay_p95_std,delay_p95_median,delay_p95_min,delay_p95_max,delay_p95_count,drac_per_k_mean,drac_per_k_std,drac_per_k_median,drac_per_k_min,drac_per_k_max,drac_per_k_count,assignment_seed_level_count,sumo_seed_level_count,seed_pair_combination_count
safety,scenario_0,CACC,0.2,30,0.2,vehicle_type_assignment,1,,1,1,0,6,906.0,0.0,906.0,906.0,906.0,1,930.0,0.0,930.0,930.0,930.0,1,27.6604,0.0,27.6604,27.6604,27.6604,1,0.01128384,0.0,0.01128384,0.01128384,0.01128384,1,25.0,0.0,25.0,25,25,1,4014.0,0.0,4014.0,4014,4014,1,0.0,0.0,0.0,0,0,1,616.0,0.0,616.0,616,616,1,3398.0,0.0,3398.0,3398,3398,1,1699.0,0.0,1699.0,1699,1699,1,0.0,0.0,0.0,0,0,1,1673.0,0.0,1673.0,1673,1673,1,1.13,0.0,1.13,1.13,1.13,1,30.0,0.0,30.0,30,30,1,3.0,0.0,3.0,3,3,1,3.11,0.0,3.11,3.11,3.11,1,0.0,0.0,0.0,0,0,1,0.0,0.0,0.0,0,0,1,0.0,0.0,0.0,0,0,1,0.0,0.0,0.0,0,0,1,,,,,,0,555.6683969299999,0.0,555.6683969299999,555.6683969299999,555.6683969299999,1,234.06599999999997,0.0,234.06599999999997,234.06599999999997,234.06599999999997,1,12.134489999999998,0.0,12.134489999999998,12.134489999999998,12.134489999999998,1,177.23100533000002,0.0,177.23100533000002,177.23100533000002,177.23100533000002,1,553.21231046,0.0,553.21231046,553.21231046,553.21231046,1,233.02995,0.0,233.02995,233.02995,233.02995,1,12.089539999999998,0.0,12.089539999999998,12.089539999999998,12.089539999999998,1,176.44759029000005,0.0,176.44759029000005,176.44759029000005,176.44759029000005,1,359.04806189745483,0.0,359.04806189745483,359.04806189745483,359.04806189745483,1,151.24297894284723,0.0,151.24297894284723,151.24297894284723,151.24297894284723,1,7.840764637120259,0.0,7.840764637120259,7.840764637120259,7.840764637120259,1,114.51874773416408,0.0,114.51874773416408,114.51874773416408,114.51874773416408,1,1547.6156423000002,0.0,1547.6156423000002,1547.6156423000002,1547.6156423000002,1,1524.7384500000005,0.0,1524.7384500000005,1524.7384500000005,1524.7384500000005,1,47173.73,0.0,47173.73,47173.73,47173.73,1,146.0,0.0,146.0,146,146,1,119.23356164383566,0.0,119.23356164383566,119.23356164383566,119.23356164383566,1,119.10000000000014,0.0,119.10000000000014,119.10000000000014,119.10000000000014,1,121.0,0.0,121.0,121.0,121.0,1,0.969414270073412,0.0,0.969414270073412,0.969414270073412,0.969414270073412,1,1081.01776324363,0.0,1081.01776324363,1081.01776324363,1081.01776324363,1,1097.237365529806,0.0,1097.237365529806,1097.237365529806,1097.237365529806,1,0.0,0.0,0.0,0.0,0.0,1,0.0,0.0,0.0,0.0,0.0,1,362.824398151696,0.0,362.824398151696,362.824398151696,362.824398151696,1,152.83273665722794,0.0,152.83273665722794,152.83273665722794,152.83273665722794,1,7.928927089101736,0.0,7.928927089101736,7.928927089101736,7.928927089101736,1,115.7231853699236,0.0,115.7231853699236,115.7231853699236,115.7231853699236,1,30.481554147315556,0.0,30.481554147315556,30.481554147315556,30.481554147315556,1,11.520856353591068,0.0,11.520856353591068,11.520856353591068,11.520856353591068,1,28.300000000000185,0.0,28.300000000000185,28.300000000000185,28.300000000000185,1,1.9384658037841545,0.0,1.9384658037841545,1.9384658037841545,1.9384658037841545,1,1,1,1
safety,scenario_0,CACC,0.6,30,0.6,vehicle_type_assignment,1,,1,1,0,18,914.4,0.0,914.4,914.4,914.4,1,960.0,0.0,960.0,960.0,960.0,1,28.3424,0.0,28.3424,28.3424,28.3424,1,0.0331702399999999,0.0,0.0331702399999999,0.0331702399999999,0.0331702399999999,1,25.0,0.0,25.0,25,25,1,3412.0,0.0,3412.0,3412,3412,1,0.0,0.0,0.0,0,0,1,518.0,0.0,518.0,518,518,1,2894.0,0.0,2894.0,2894,2894,1,1447.0,0.0,1447.0,1447,1447,1,0.0,0.0,0.0,0,0,1,1422.0,0.0,1422.0,1422,1422,1,1.02,0.0,1.02,1.02,1.02,1,30.0,0.0,30.0,30,30,1,5.0,0.0,5.0,5,5,1,3.12,0.0,3.12,3.12,3.12,1,0.0,0.0,0.0,0,0,1,0.0,0.0,0.0,0,0,1,0.0,0.0,0.0,0,0,1,0.0,0.0,0.0,0,0,1,,,,,,0,568.0539053700002,0.0,568.0539053700002,568.0539053700002,568.0539053700002,1,239.71711999999997,0.0,239.71711999999997,239.71711999999997,239.71711999999997,1,12.497119999999994,0.0,12.497119999999994,12.497119999999994,12.497119999999994,1,181.18138829,0.0,181.18138829,181.18138829,181.18138829,1,564.6275974,0.0,564.6275974,564.6275974,564.6275974,1,238.29333,0.0,238.29333,238.29333,238.29333,1,12.437859999999995,0.0,12.437859999999995,12.437859999999995,12.437859999999995,1,180.08849851999997,0.0,180.08849851999997,180.08849851999997,180.08849851999997,1,364.4525654884545,0.0,364.4525654884545,364.4525654884545,364.4525654884545,1,153.79793809990343,0.0,153.79793809990343,153.79793809990343,153.79793809990343,1,8.017914148922966,0.0,8.017914148922966,8.017914148922966,8.017914148922966,1,116.242527613714,0.0,116.242527613714,116.242527613714,116.242527613714,1,1558.6497644999993,0.0,1558.6497644999993,1558.6497644999993,1558.6497644999993,1,1535.5842582999996,0.0,1535.5842582999996,1535.5842582999996,1535.5842582999996,1,46751.87000000002,0.0,46751.87000000002,46751.87000000002,46751.87000000002,1,432.0,0.0,432.0,432,432,1,118.42222222222225,0.0,118.42222222222225,118.42222222222225,118.42222222222225,1,118.39999999999998,0.0,118.39999999999998,118.39999999999998,118.39999999999998,1,120.29999999999971,0.0,120.29999999999971,120.29999999999971,120.29999999999971,1,1.119675327720573,0.0,1.119675327720573,1.119675327720573,1.119675327720573,1,912.3281139789378,0.0,912.3281139789378,912.3281139789378,912.3281139789378,1,926.0318945794968,0.0,926.0318945794968,926.0318945794968,926.0318945794968,1,0.0,0.0,0.0,0.0,0.0,1,0.0,0.0,0.0,0.0,0.0,1,367.6956144530178,0.0,367.6956144530178,367.6956144530178,367.6956144530178,1,155.18088878027933,0.0,155.18088878027933,155.18088878027933,155.18088878027933,1,8.099757426381531,0.0,8.099757426381531,8.099757426381531,8.099757426381531,1,117.27685898484702,0.0,117.27685898484702,117.27685898484702,117.27685898484702,1,29.995109270104432,0.0,29.995109270104432,29.995109270104432,29.995109270104432,1,18.74305555555553,0.0,18.74305555555553,18.74305555555553,18.74305555555553,1,28.300000000000185,0.0,28.300000000000185,28.300000000000185,28.300000000000185,1,3.2079047608260822,0.0,3.2079047608260822,3.2079047608260822,3.2079047608260822,1,1,1,1
safety,scenario_0,CACC,1.0,30,1.0,vehicle_type_assignment,1,,1,1,0,30,1149.6,0.0,1149.6,1149.6,1149.6,1,1170.0,0.0,1170.0,1170.0,1170.0,1,32.26,0.0,32.26,32.26,32.26,1,0.0,0.0,0.0,0.0,0.0,1,25.0,0.0,25.0,25,25,1,9304.0,0.0,9304.0,9304,9304,1,0.0,0.0,0.0,0,0,1,1612.0,0.0,1612.0,1612,1612,1,7692.0,0.0,7692.0,7692,7692,1,3846.0,0.0,3846.0,3846,3846,1,0.0,0.0,0.0,0,0,1,3832.0,0.0,3832.0,3832,3832,1,1.96,0.0,1.96,1.96,1.96,1,30.0,0.0,30.0,30,30,1,0.0,0.0,0.0,0,0,1,,,,,,0,0.0,0.0,0.0,0,0,1,0.0,0.0,0.0,0,0,1,0.0,0.0,0.0,0,0,1,0.0,0.0,0.0,0,0,1,,,,,,0,819.2536708,0.0,819.2536708,819.2536708,819.2536708,1,349.11113999999986,0.0,349.11113999999986,349.11113999999986,349.11113999999986,1,19.492179999999998,0.0,19.492179999999998,19.492179999999998,19.492179999999998,1,261.30137781999986,0.0,261.30137781999986,261.30137781999986,261.30137781999986,1,813.9996956999997,0.0,813.9996956999997,813.9996956999997,813.9996956999997,1,346.96252000000004,0.0,346.96252000000004,346.96252000000004,346.96252000000004,1,19.40684,0.0,19.40684,19.40684,19.40684,1,259.62550728,0.0,259.62550728,259.62550728,259.62550728,1,417.3682401587016,0.0,417.3682401587016,417.3682401587016,417.3682401587016,1,177.8544391254475,0.0,177.8544391254475,177.8544391254475,177.8544391254475,1,9.930278195168064,0.0,9.930278195168064,9.930278195168064,9.930278195168064,1,133.11981392195833,0.0,133.11981392195833,133.11981392195833,133.11981392195833,1,1962.903718999999,0.0,1962.903718999999,1962.903718999999,1962.903718999999,1,1933.8685522,0.0,1933.8685522,1933.8685522,1933.8685522,1,35003.29999999999,0.0,35003.29999999999,35003.29999999999,35003.29999999999,1,930.0,0.0,930.0,930,930,1,94.0,0.0,94.0,94.0,94.0,1,94.0,0.0,94.0,94.0,94.0,1,94.0,0.0,94.0,94.0,94.0,1,3.2068937559550063e-14,0.0,3.2068937559550063e-14,3.2068937559550063e-14,3.2068937559550063e-14,1,1952.209862821092,0.0,1952.209862821092,1952.209862821092,1952.209862821092,1,1981.5204066691376,0.0,1981.5204066691376,1981.5204066691376,1981.5204066691376,1,0.0,0.0,0.0,0.0,0.0,1,0.0,0.0,0.0,0.0,0.0,1,420.917799596038,0.0,420.917799596038,420.917799596038,420.917799596038,1,179.413704000352,0.0,179.413704000352,179.413704000352,179.413704000352,1,10.035242559750232,0.0,10.035242559750232,10.035242559750232,10.035242559750232,1,134.25188955301323,0.0,134.25188955301323,134.25188955301323,134.25188955301323,1,17.83240800920812,0.0,17.83240800920812,17.83240800920812,17.83240800920812,1,2.40000000000009,0.0,2.40000000000009,2.40000000000009,2.40000000000009,1,2.400000000000091,0.0,2.400000000000091,2.400000000000091,2.400000000000091,1,0.0,0.0,0.0,0.0,0.0,1,1,1,1
safety,scenario_0,CACC,0.2,60,0.2,vehicle_type_assignment,1,,1,1,0,12,1004.4,0.0,1004.4,1004.4,1004.4,1,1050.0,0.0,1050.0,1050.0,1050.0,1,27.732000000000003,0.0,27.732000000000003,27.732000000000003,27.732000000000003,1,0.016008,0.0,0.016008,0.016008,0.016008,1,25.0,0.0,25.0,25,25,1,2554.0,0.0,2554.0,2554,2554,1,0.0,0.0,0.0,0,0,1,372.0,0.0,372.0,372,372,1,2182.0,0.0,2182.0,2182,2182,1,1091.0,0.0,1091.0,1091,1091,1,0.0,0.0,0.0,0,0,1,1064.0,0.0,1064.0,1064,1064,1,1.03,0.0,1.03,1.03,1.03,1,54.0,0.0,54.0,54,54,1,1.0,0.0,1.0,1,1,1,3.05,0.0,3.05,3.05,3.05,1,0.0,0.0,0.0,0,0,1,0.0,0.0,0.0,0,0,1,0.0,0.0,0.0,0,0,1,0.0,0.0,0.0,0,0,1,,,,,,0,615.3181761399999,0.0,615.3181761399999,615.3181761399999,615.3181761399999,1,258.99747,0.0,258.99747,258.99747,258.99747,1,12.75963,0.0,12.75963,12.75963,12.75963,1,196.25824218,0.0,196.25824218,196.25824218,196.25824218,1,612.6283712699999,0.0,612.6283712699999,612.6283712699999,612.6283712699999,1,257.87546999999995,0.0,257.87546999999995,257.87546999999995,257.87546999999995,1,12.712419999999998,0.0,12.712419999999998,12.712419999999998,12.712419999999998,1,195.40027336000003,0.0,195.40027336000003,195.40027336000003,195.40027336000003,1,358.1548329933216,0.0,358.1548329933216,358.1548329933216,358.1548329933216,1,150.75321875822078,0.0,150.75321875822078,150.75321875822078,150.75321875822078,1,7.426926960575933,0.0,7.426926960575933,7.426926960575933,7.426926960575933,1,114.23494490685724,0.0,114.23494490685724,114.23494490685724,114.23494490685724,1,1718.0228198999998,0.0,1718.0228198999998,1718.0228198999998,1718.0228198999998,1,1692.6113395999998,0.0,1692.6113395999998,1692.6113395999998,1692.6113395999998,1,109830.66999999995,0.0,109830.66999999995,109830.66999999995,109830.66999999995,1,126.0,0.0,126.0,126,126,1,188.186507936508,0.0,188.186507936508,188.186507936508,188.186507936508,1,187.99999999999997,0.0,187.99999999999997,187.99999999999997,187.99999999999997,1,192.5999999999999,0.0,192.5999999999999,192.5999999999999,192.5999999999999,1,1.694217671900028,0.0,1.694217671900028,1.694217671900028,1.694217671900028,1,619.316569998722,0.0,619.316569998722,619.316569998722,619.316569998722,1,628.6144817223344,0.0,628.6144817223344,628.6144817223344,628.6144817223344,1,0.0,0.0,0.0,0.0,0.0,1,0.0,0.0,0.0,0.0,0.0,1,361.94273129162485,0.0,361.94273129162485,361.94273129162485,361.94273129162485,1,152.35362304788848,0.0,152.35362304788848,152.35362304788848,152.35362304788848,1,7.5105369452412,0.0,7.5105369452412,7.5105369452412,7.5105369452412,1,115.44308417913427,0.0,115.44308417913427,115.44308417913427,115.44308417913427,1,63.92852803107285,0.0,63.92852803107285,63.92852803107285,63.92852803107285,1,79.58040712468188,0.0,79.58040712468188,79.58040712468188,79.58040712468188,1,97.0,0.0,97.0,97.0,97.0,1,0.5820644454875207,0.0,0.5820644454875207,0.5820644454875207,0.5820644454875207,1,1,1,1
safety,scenario_0,CACC,0.6,60,0.6,vehicle_type_assignment,1,,1,1,0,36,1257.6,0.0,1257.6,1257.6,1257.6,1,1320.0,0.0,1320.0,1320.0,1320.0,1,28.3528,0.0,28.3528,28.3528,28.3528,1,0.05215616,0.0,0.05215616,0.05215616,0.05215616,1,25.0,0.0,25.0,25,25,1,3774.0,0.0,3774.0,3774,3774,1,0.0,0.0,0.0,0,0,1,558.0,0.0,558.0,558,558,1,3216.0,0.0,3216.0,3216,3216,1,1608.0,0.0,1608.0,1608,1608,1,0.0,0.0,0.0,0,0,1,1575.0,0.0,1575.0,1575,1575,1,1.02,0.0,1.02,1.02,1.02,1,56.0,0.0,56.0,56,56,1,0.0,0.0,0.0,0,0,1,,,,,,0,0.0,0.0,0.0,0,0,1,0.0,0.0,0.0,0,0,1,0.0,0.0,0.0,0,0,1,0.0,0.0,0.0,0,0,1,,,,,,0,777.4870960300003,0.0,777.4870960300003,777.4870960300003,777.4870960300003,1,327.40295,0.0,327.40295,327.40295,327.40295,1,16.482200000000002,0.0,16.482200000000002,16.482200000000002,16.482200000000002,1,247.98183697,0.0,247.98183697,247.98183697,247.98183697,1,773.0896541300002,0.0,773.0896541300002,773.0896541300002,773.0896541300002,1,325.59297999999995,0.0,325.59297999999995,325.59297999999995,325.59297999999995,1,16.408879999999996,0.0,16.408879999999996,16.408879999999996,16.408879999999996,1,246.5791782,0.0,246.5791782,246.5791782,246.5791782,1,361.83780332991694,0.0,361.83780332991694,361.83780332991694,361.83780332991694,1,152.37135746258534,0.0,152.37135746258534,152.37135746258534,152.37135746258534,1,7.670716430532543,0.0,7.670716430532543,7.670716430532543,7.670716430532543,1,115.4092506655314,0.0,115.4092506655314,115.4092506655314,115.4092506655314,1,2148.7171569,0.0,2148.7171569,2148.7171569,2148.7171569,1,2116.9172954999995,0.0,2116.9172954999995,2116.9172954999995,2116.9172954999995,1,107047.33999999998,0.0,107047.33999999998,107047.33999999998,107047.33999999998,1,586.0,0.0,586.0,586,586,1,159.06928327645062,0.0,159.06928327645062,159.06928327645062,159.06928327645062,1,158.9000000000001,0.0,158.9000000000001,158.9000000000001,158.9000000000001,1,161.10000000000014,0.0,161.10000000000014,161.10000000000014,161.10000000000014,1,1.376513810788068,0.0,1.376513810788068,1.376513810788068,1.376513810788068,1,732.9954968443991,0.0,732.9954968443991,732.9954968443991,732.9954968443991,1,744.0063923838826,0.0,744.0063923838826,744.0063923838826,744.0063923838826,1,0.0,0.0,0.0,0.0,0.0,1,0.0,0.0,0.0,0.0,0.0,1,365.19596479908887,0.0,365.19596479908887,365.19596479908887,365.19596479908887,1,153.8052434509953,0.0,153.8052434509953,153.8052434509953,153.8052434509953,1,7.751308959911137,0.0,7.751308959911137,7.751308959911137,7.751308959911137,1,116.4803078155965,0.0,116.4803078155965,116.4803078155965,116.4803078155965,1,49.81918613915639,0.0,49.81918613915639,49.81918613915639,49.81918613915639,1,59.098300000000094,0.0,59.098300000000094,59.098300000000094,59.098300000000094,1,69.29999999999995,0.0,69.29999999999995,69.29999999999995,69.29999999999995,1,0.0,0.0,0.0,0.0,0.0,1,1,1,1
safety,scenario_0,CACC,1.0,60,1.0,vehicle_type_assignment,1,,1,1,0,60,1845.6,0.0,1845.6,1845.6,1845.6,1,1860.0,0.0,1860.0,1860.0,1860.0,1,32.17999999999998,0.0,32.17999999999998,32.17999999999998,32.17999999999998,1,4.543838814073028e-28,0.0,4.543838814073028e-28,4.543838814073028e-28,4.543838814073028e-28,1,25.0,0.0,25.0,25,25,1,29504.0,0.0,29504.0,29504,29504,1,0.0,0.0,0.0,0,0,1,4736.0,0.0,4736.0,4736,4736,1,24768.0,0.0,24768.0,24768,24768,1,12384.0,0.0,12384.0,12384,12384,1,0.0,0.0,0.0,0,0,1,12320.0,0.0,12320.0,12320,12320,1,1.38,0.0,1.38,1.38,1.38,1,56.0,0.0,56.0,56,56,1,0.0,0.0,0.0,0,0,1,,,,,,0,0.0,0.0,0.0,0,0,1,0.0,0.0,0.0,0,0,1,0.0,0.0,0.0,0,0,1,0.0,0.0,0.0,0,0,1,,,,,,0,1276.2969165199995,0.0,1276.2969165199995,1276.2969165199995,1276.2969165199995,1,546.7154400000002,0.0,546.7154400000002,546.7154400000002,546.7154400000002,1,29.92392,0.0,29.92392,29.92392,29.92392,1,407.07607428000034,0.0,407.07607428000034,407.07607428000034,407.07607428000034,1,1268.1782075999995,0.0,1268.1782075999995,1268.1782075999995,1268.1782075999995,1,543.3952,0.0,543.3952,543.3952,543.3952,1,29.792000000000005,0.0,29.792000000000005,29.792000000000005,29.792000000000005,1,404.4864342000001,0.0,404.4864342000001,404.4864342000001,404.4864342000001,1,404.5246074775003,0.0,404.5246074775003,404.5246074775003,404.5246074775003,1,173.28244384614817,0.0,173.28244384614817,173.28244384614817,173.28244384614817,1,9.484440364546186,0.0,9.484440364546186,9.484440364546186,9.484440364546186,1,129.02349526205916,0.0,129.02349526205916,129.02349526205916,129.02349526205916,1,3155.0538408,0.0,3155.0538408,3155.0538408,3155.0538408,1,3108.415332400002,0.0,3108.415332400002,3108.415332400002,3108.415332400002,1,80428.04000000004,0.0,80428.04000000004,80428.04000000004,80428.04000000004,1,1492.0,0.0,1492.0,1492,1492,1,109.2000000000006,0.0,109.2000000000006,109.2000000000006,109.2000000000006,1,109.20000000000005,0.0,109.20000000000005,109.20000000000005,109.20000000000005,1,109.20000000000029,0.0,109.20000000000029,109.20000000000029,109.20000000000029,1,6.381065222472867e-13,0.0,6.381065222472867e-13,6.381065222472867e-13,6.381065222472867e-13,1,3904.8461996693286,0.0,3904.8461996693286,3904.8461996693286,3904.8461996693286,1,3963.43431702473,0.0,3963.43431702473,3963.43431702473,3963.43431702473,1,0.0,0.0,0.0,0.0,0.0,1,0.0,0.0,0.0,0.0,0.0,1,407.98222630720375,0.0,407.98222630720375,407.98222630720375,407.98222630720375,1,174.81421943072374,0.0,174.81421943072374,174.81421943072374,174.81421943072374,1,9.584304802987074,0.0,9.584304802987074,9.584304802987074,9.584304802987074,1,130.12625114279592,0.0,130.12625114279592,130.12625114279592,130.12625114279592,1,25.491812202991305,0.0,25.491812202991305,25.491812202991305,25.491812202991305,1,17.599999999999607,0.0,17.599999999999607,17.599999999999607,17.599999999999607,1,17.600000000000364,0.0,17.600000000000364,17.600000000000364,17.600000000000364,1,0.0,0.0,0.0,0.0,0.0,1,1,1,1
safety,scenario_0,CACC,0.2,120,0.2,vehicle_type_assignment,1,,1,1,0,24,998.4,0.0,998.4,998.4,998.4,1,1080.0,0.0,1080.0,1080.0,1080.0,1,22.2172,0.0,22.2172,22.2172,22.2172,1,0.7483001599999995,0.0,0.7483001599999995,0.7483001599999995,0.7483001599999995,1,25.0,0.0,25.0,25,25,1,2598.0,0.0,2598.0,2598,2598,1,0.0,0.0,0.0,0,0,1,392.0,0.0,392.0,392,392,1,2206.0,0.0,2206.0,2206,2206,1,1103.0,0.0,1103.0,1103,1103,1,0.0,0.0,0.0,0,0,1,1056.0,0.0,1056.0,1056,1056,1,1.19,0.0,1.19,1.19,1.19,1,78.0,0.0,78.0,78,78,1,0.0,0.0,0.0,0,0,1,,,,,,0,0.0,0.0,0.0,0,0,1,0.0,0.0,0.0,0,0,1,0.0,0.0,0.0,0,0,1,0.0,0.0,0.0,0,0,1,,,,,,0,623.3711781700002,0.0,623.3711781700002,623.3711781700002,623.3711781700002,1,261.25563,0.0,261.25563,261.25563,261.25563,1,12.058509999999997,0.0,12.058509999999997,12.058509999999997,12.058509999999997,1,198.8294993,0.0,198.8294993,198.8294993,198.8294993,1,620.7532168900001,0.0,620.7532168900001,620.7532168900001,620.7532168900001,1,260.16342000000003,0.0,260.16342000000003,260.16342000000003,260.16342000000003,1,12.01248,0.0,12.01248,12.01248,12.01248,1,197.99444601,0.0,197.99444601,197.99444601,197.99444601,1,364.8823589658635,0.0,364.8823589658635,364.8823589658635,364.8823589658635,1,152.92264690093828,0.0,152.92264690093828,152.92264690093828,152.92264690093828,1,7.058294846627545,0.0,7.058294846627545,7.058294846627545,7.058294846627545,1,116.38230844994328,0.0,116.38230844994328,116.38230844994328,116.38230844994328,1,1708.4168714999992,0.0,1708.4168714999992,1708.4168714999992,1708.4168714999992,1,1683.1490550999995,0.0,1683.1490550999995,1683.1490550999995,1683.1490550999995,1,184403.47000000003,0.0,184403.47000000003,184403.47000000003,184403.47000000003,1,135.0,0.0,135.0,135,135,1,279.6170370370372,0.0,279.6170370370372,279.6170370370372,279.6170370370372,1,280.10000000000014,0.0,280.10000000000014,280.10000000000014,280.10000000000014,1,281.7999999999997,0.0,281.7999999999997,281.7999999999997,281.7999999999997,1,1.6859129075849677,0.0,1.6859129075849677,1.6859129075849677,1.6859129075849677,1,618.1161153441585,0.0,618.1161153441585,618.1161153441585,618.1161153441585,1,627.3954150408032,0.0,627.3954150408032,627.3954150408032,627.3954150408032,1,0.0,0.0,0.0,0.0,0.0,1,0.0,0.0,0.0,0.0,0.0,1,368.8046611255827,0.0,368.8046611255827,368.8046611255827,368.8046611255827,1,154.56944779293073,0.0,154.56944779293073,154.56944779293073,154.56944779293073,1,7.136908025823246,0.0,7.136908025823246,7.136908025823246,7.136908025823246,1,117.63334055891842,0.0,117.63334055891842,117.63334055891842,117.63334055891842,1,107.93821641324158,0.0,107.93821641324158,107.93821641324158,107.93821641324158,1,171.39853333333332,0.0,171.39853333333332,171.39853333333332,171.39853333333332,1,189.0999999999999,0.0,189.0999999999999,189.0999999999999,189.0999999999999,1,0.0,0.0,0.0,0.0,0.0,1,1,1,1
safety,scenario_0,CACC,0.6,120,0.6,vehicle_type_assignment,1,,1,1,0,72,1257.6,0.0,1257.6,1257.6,1257.6,1,1350.0,0.0,1350.0,1350.0,1350.0,1,25.352400000000003,0.0,25.352400000000003,25.352400000000003,25.352400000000003,1,0.7646342399999998,0.0,0.7646342399999998,0.7646342399999998,0.7646342399999998,1,25.0,0.0,25.0,25,25,1,3396.0,0.0,3396.0,3396,3396,1,0.0,0.0,0.0,0,0,1,482.0,0.0,482.0,482,482,1,2914.0,0.0,2914.0,2914,2914,1,1457.0,0.0,1457.0,1457,1457,1,0.0,0.0,0.0,0,0,1,1412.0,0.0,1412.0,1412,1412,1,1.01,0.0,1.01,1.01,1.01,1,87.0,0.0,87.0,87,87,1,0.0,0.0,0.0,0,0,1,,,,,,0,0.0,0.0,0.0,0,0,1,0.0,0.0,0.0,0,0,1,0.0,0.0,0.0,0,0,1,0.0,0.0,0.0,0,0,1,,,,,,0,784.6396598000001,0.0,784.6396598000001,784.6396598000001,784.6396598000001,1,327.5767699999999,0.0,327.5767699999999,327.5767699999999,327.5767699999999,1,15.221560000000004,0.0,15.221560000000004,15.221560000000004,15.221560000000004,1,250.26684255,0.0,250.26684255,250.26684255,250.26684255,1,780.2551313299999,0.0,780.2551313299999,780.2551313299999,780.2551313299999,1,325.7729699999999,0.0,325.7729699999999,325.7729699999999,325.7729699999999,1,15.14864,0.0,15.14864,15.14864,15.14864,1,248.86830279000003,0.0,248.86830279000003,248.86830279000003,248.86830279000003,1,364.8175284157712,0.0,364.8175284157712,364.8175284157712,364.8175284157712,1,152.30653473249464,0.0,152.30653473249464,152.30653473249464,152.30653473249464,1,7.0772511030704415,0.0,7.0772511030704415,7.0772511030704415,7.0772511030704415,1,116.36135110323409,0.0,116.36135110323409,116.36135110323409,116.36135110323409,1,2150.7729171,0.0,2150.7729171,2150.7729171,2150.7729171,1,2118.9673871,0.0,2118.9673871,2118.9673871,2118.9673871,1,199181.01000000004,0.0,199181.01000000004,199181.01000000004,199181.01000000004,1,561.0,0.0,561.0,561,561,1,246.78930481283464,0.0,246.78930481283464,246.78930481283464,246.78930481283464,1,247.0999999999999,0.0,247.0999999999999,247.0999999999999,247.0999999999999,1,250.9000000000001,0.0,250.9000000000001,250.9000000000001,250.9000000000001,1,2.821333242209328,0.0,2.821333242209328,2.821333242209328,2.821333242209328,1,656.5081737703271,0.0,656.5081737703271,656.5081737703271,656.5081737703271,1,666.3623086396109,0.0,666.3623086396109,666.3623086396109,666.3623086396109,1,0.0,0.0,0.0,0.0,0.0,1,0.0,0.0,0.0,0.0,0.0,1,368.2242284992645,0.0,368.2242284992645,368.2242284992645,368.2242284992645,1,153.74137987364207,0.0,153.74137987364207,153.74137987364207,153.74137987364207,1,7.149067084384104,0.0,7.149067084384104,7.149067084384104,7.149067084384104,1,117.44791557674654,0.0,117.44791557674654,117.44791557674654,117.44791557674654,1,92.60903762381676,0.0,92.60903762381676,92.60903762381676,92.60903762381676,1,146.98734177215144,0.0,146.98734177215144,146.98734177215144,146.98734177215144,1,158.9000000000001,0.0,158.9000000000001,158.9000000000001,158.9000000000001,1,0.0,0.0,0.0,0.0,0.0,1,1,1,1
safety,scenario_0,CACC,1.0,120,1.0,vehicle_type_assignment,1,,1,1,0,120,1855.2,0.0,1855.2,1855.2,1855.2,1,1860.0,0.0,1860.0,1860.0,1860.0,1,31.38,0.0,31.38,31.38,31.38,1,0.0,0.0,0.0,0.0,0.0,1,25.0,0.0,25.0,25,25,1,15184.0,0.0,15184.0,15184,15184,1,0.0,0.0,0.0,0,0,1,2472.0,0.0,2472.0,2472,2472,1,12712.0,0.0,12712.0,12712,12712,1,6356.0,0.0,6356.0,6356,6356,1,0.0,0.0,0.0,0,0,1,6188.0,0.0,6188.0,6188,6188,1,2.56,0.0,2.56,2.56,2.56,1,96.0,0.0,96.0,96,96,1,0.0,0.0,0.0,0,0,1,,,,,,0,0.0,0.0,0.0,0,0,1,0.0,0.0,0.0,0,0,1,0.0,0.0,0.0,0,0,1,0.0,0.0,0.0,0,0,1,,,,,,0,1415.5645051200008,0.0,1415.5645051200008,1415.5645051200008,1415.5645051200008,1,605.7635999999994,0.0,605.7635999999994,605.7635999999994,605.7635999999994,1,30.72188,0.0,30.72188,30.72188,30.72188,1,451.5013563199997,0.0,451.5013563199997,451.5013563199997,451.5013563199997,1,1407.04924136,0.0,1407.04924136,1407.04924136,1407.04924136,1,602.2812399999998,0.0,602.2812399999998,602.2812399999998,602.2812399999998,1,30.58356,0.0,30.58356,30.58356,30.58356,1,448.7852262,0.0,448.7852262,448.7852262,448.7852262,1,446.3508934071786,0.0,446.3508934071786,446.3508934071786,446.3508934071786,1,191.00727877506893,0.0,191.00727877506893,191.00727877506893,191.00727877506893,1,9.687116719549048,0.0,9.687116719549048,9.687116719549048,9.687116719549048,1,142.3658427709027,0.0,142.3658427709027,142.3658427709027,142.3658427709027,1,3171.416313999999,0.0,3171.416313999999,3171.416313999999,3171.416313999999,1,3124.493222399999,0.0,3124.493222399999,3124.493222399999,3124.493222399999,1,200019.6799999999,0.0,200019.6799999999,200019.6799999999,200019.6799999999,1,1440.0,0.0,1440.0,1440,1440,1,186.2399999999957,0.0,186.2399999999957,186.2399999999957,186.2399999999957,1,186.20000000000027,0.0,186.20000000000027,186.20000000000027,186.20000000000027,1,186.30000000000015,0.0,186.30000000000015,186.30000000000015,186.30000000000015,1,0.0489897948556635,0.0,0.0489897948556635,0.0489897948556635,0.0489897948556635,1,1951.178712389004,0.0,1951.178712389004,1951.178712389004,1951.178712389004,1,1980.4811723185137,0.0,1980.4811723185137,1980.4811723185137,1980.4811723185137,1,0.0,0.0,0.0,0.0,0.0,1,0.0,0.0,0.0,0.0,0.0,1,450.3287865285275,0.0,450.3287865285275,450.3287865285275,450.3287865285275,1,192.76125666784867,0.0,192.76125666784867,192.76125666784867,192.76125666784867,1,9.788326561485714,0.0,9.788326561485714,9.788326561485714,9.788326561485714,1,143.63456543371126,0.0,143.63456543371126,143.63456543371126,143.63456543371126,1,63.06951222929225,0.0,63.06951222929225,63.06951222929225,63.06951222929225,1,94.6399999999996,0.0,94.6399999999996,94.6399999999996,94.6399999999996,1,94.70000000000029,0.0,94.70000000000029,94.70000000000029,94.70000000000029,1,0.0,0.0,0.0,0.0,0.0,1,1,1,1
safety,scenario_0,IDM,0.0,30,0.0,vehicle_type_assignment,1,,1,1,0,0,891.6,0.0,891.6,891.6,891.6,1,930.0,0.0,930.0,930.0,930.0,1,27.598400000000005,0.0,27.598400000000005,27.598400000000005,27.598400000000005,1,0.01576544,0.0,0.01576544,0.01576544,0.01576544,1,25.0,0.0,25.0,25,25,1,4446.0,0.0,4446.0,4446,4446,1,0.0,0.0,0.0,0,0,1,698.0,0.0,698.0,698,698,1,3748.0,0.0,3748.0,3748,3748,1,1874.0,0.0,1874.0,1874,1874,1,0.0,0.0,0.0,0,0,1,1848.0,0.0,1848.0,1848,1848,1,2.1,0.0,2.1,2.1,2.1,1,30.0,0.0,30.0,30,30,1,0.0,0.0,0.0,0,0,1,,,,,,0,0.0,0.0,0.0,0,0,1,0.0,0.0,0.0,0,0,1,0.0,0.0,0.0,0,0,1,0.0,0.0,0.0,0,0,1,,,,,,0,544.4405277900001,0.0,544.4405277900001,544.4405277900001,544.4405277900001,1,229.62857,0.0,229.62857,229.62857,229.62857,1,11.88588,0.0,11.88588,11.88588,11.88588,1,173.64985554999998,0.0,173.64985554999998,173.64985554999998,173.64985554999998,1,542.7050597800002,0.0,542.7050597800002,542.7050597800002,542.7050597800002,1,228.89923999999996,0.0,228.89923999999996,228.89923999999996,228.89923999999996,1,11.85453,0.0,11.85453,11.85453,11.85453,1,173.0962928,0.0,173.0962928,173.0962928,173.0962928,1,357.3447129528277,0.0,357.3447129528277,357.3447129528277,357.3447129528277,1,150.71720646055374,0.0,150.71720646055374,150.71720646055374,150.71720646055374,1,7.801322936102275,0.0,7.801322936102275,7.801322936102275,7.801322936102275,1,113.9754566723761,0.0,113.9754566723761,113.9754566723761,113.9754566723761,1,1523.5723604,0.0,1523.5723604,1523.5723604,1523.5723604,1,1501.0436790000003,0.0,1501.0436790000003,1501.0436790000003,1501.0436790000003,1,47597.73999999999,0.0,47597.73999999999,47597.73999999999,47597.73999999999,1,0.0,0.0,0.0,0,0,1,,,,,,0,,,,,,0,,,,,,0,,,,,,0,1212.9387799571427,0.0,1212.9387799571427,1212.9387799571427,1212.9387799571427,1,1231.1433876668684,0.0,1231.1433876668684,1231.1433876668684,1231.1433876668684,1,0.0,0.0,0.0,0.0,0.0,1,0.0,0.0,0.0,0.0,0.0,1,361.5518104986471,0.0,361.5518104986471,361.5518104986471,361.5518104986471,1,152.49339056708413,0.0,152.49339056708413,152.49339056708413,152.49339056708413,1,7.897525012661539,0.0,7.897525012661539,7.897525012661539,7.897525012661539,1,115.31729237574037,0.0,115.31729237574037,115.31729237574037,115.31729237574037,1,31.240879158180345,0.0,31.240879158180345,31.240879158180345,31.240879158180345,1,9.337588652482172,0.0,9.337588652482172,9.337588652482172,9.337588652482172,1,10.500000000000057,0.0,10.500000000000057,10.500000000000057,10.500000000000057,1,0.0,0.0,0.0,0.0,0.0,1,1,1,1
safety,scenario_0,IDM,0.2,30,0.2,vehicle_type_assignment,1,,1,1,0,6,908.4,0.0,908.4,908.4,908.4,1,960.0,0.0,960.0,960.0,960.0,1,27.4152,0.0,27.4152,27.4152,27.4152,1,0.02965696,0.0,0.02965696,0.02965696,0.02965696,1,25.0,0.0,25.0,25,25,1,3736.0,0.0,3736.0,3736,3736,1,0.0,0.0,0.0,0,0,1,588.0,0.0,588.0,588,588,1,3148.0,0.0,3148.0,3148,3148,1,1574.0,0.0,1574.0,1574,1574,1,0.0,0.0,0.0,0,0,1,1543.0,0.0,1543.0,1543,1543,1,1.2,0.0,1.2,1.2,1.2,1,30.0,0.0,30.0,30,30,1,0.0,0.0,0.0,0,0,1,,,,,,0,0.0,0.0,0.0,0,0,1,0.0,0.0,0.0,0,0,1,0.0,0.0,0.0,0,0,1,0.0,0.0,0.0,0,0,1,,,,,,0,552.5748617399998,0.0,552.5748617399998,552.5748617399998,552.5748617399998,1,232.20987,0.0,232.20987,232.20987,232.20987,1,12.016859999999998,0.0,12.016859999999998,12.016859999999998,12.016859999999998,1,176.24433496000003,0.0,176.24433496000003,176.24433496000003,176.24433496000003,1,550.6057830899999,0.0,550.6057830899999,550.6057830899999,550.6057830899999,1,231.38523999999992,0.0,231.38523999999992,231.38523999999992,231.38523999999992,1,11.98177,0.0,11.98177,11.98177,11.98177,1,175.61625691999998,0.0,175.61625691999998,175.61625691999998,175.61625691999998,1,355.3642409456008,0.0,355.3642409456008,355.3642409456008,355.3642409456008,1,149.33557406644005,0.0,149.33557406644005,149.33557406644005,149.33557406644005,1,7.728115461138842,0.0,7.728115461138842,7.728115461138842,7.728115461138842,1,113.34379945697208,0.0,113.34379945697208,113.34379945697208,113.34379945697208,1,1554.9534761,0.0,1554.9534761,1554.9534761,1554.9534761,1,1531.9528904,0.0,1531.9528904,1531.9528904,1531.9528904,1,46984.6,0.0,46984.6,46984.6,46984.6,1,144.0,0.0,144.0,144,144,1,118.5951388888889,0.0,118.5951388888889,118.5951388888889,118.5951388888889,1,118.69999999999982,0.0,118.69999999999982,118.69999999999982,118.69999999999982,1,119.90000000000008,0.0,119.90000000000008,119.90000000000008,119.90000000000008,1,0.9374410989727616,0.0,0.9374410989727616,0.9374410989727616,0.9374410989727616,1,992.312647108915,0.0,992.312647108915,992.312647108915,992.312647108915,1,1007.2111287946428,0.0,1007.2111287946428,1007.2111287946428,1007.2111287946428,1,0.0,0.0,0.0,0.0,0.0,1,0.0,0.0,0.0,0.0,0.0,1,359.41430480034813,0.0,359.41430480034813,359.41430480034813,359.41430480034813,1,151.03939647882,0.0,151.03939647882,151.03939647882,151.03939647882,1,7.82123920068554,0.0,7.82123920068554,7.82123920068554,7.82123920068554,1,114.63554657620428,0.0,114.63554657620428,114.63554657620428,114.63554657620428,1,30.2160808809809,0.0,30.2160808809809,30.2160808809809,30.2160808809809,1,9.413592233009584,0.0,9.413592233009584,9.413592233009584,9.413592233009584,1,20.500000000000146,0.0,20.500000000000146,20.500000000000146,20.500000000000146,1,0.0,0.0,0.0,0.0,0.0,1,1,1,1
safety,scenario_0,IDM,0.6,30,0.6,vehicle_type_assignment,1,,1,1,0,18,915.6,0.0,915.6,915.6,915.6,1,990.0,0.0,990.0,990.0,990.0,1,27.3968,0.0,27.3968,27.3968,27.3968,1,0.0236057599999999,0.0,0.0236057599999999,0.0236057599999999,0.0236057599999999,1,25.0,0.0,25.0,25,25,1,3144.0,0.0,3144.0,3144,3144,1,0.0,0.0,0.0,0,0,1,586.0,0.0,586.0,586,586,1,2558.0,0.0,2558.0,2558,2558,1,1279.0,0.0,1279.0,1279,1279,1,0.0,0.0,0.0,0,0,1,1238.0,0.0,1238.0,1238,1238,1,1.18,0.0,1.18,1.18,1.18,1,29.0,0.0,29.0,29,29,1,22.0,0.0,22.0,22,22,1,3.22,0.0,3.22,3.22,3.22,1,0.0,0.0,0.0,0,0,1,0.0,0.0,0.0,0,0,1,0.0,0.0,0.0,0,0,1,0.0,0.0,0.0,0,0,1,,,,,,0,533.3329826200002,0.0,533.3329826200002,533.3329826200002,533.3329826200002,1,222.57463000000004,0.0,222.57463000000004,222.57463000000004,222.57463000000004,1,11.52171,0.0,11.52171,11.52171,11.52171,1,170.10724188999998,0.0,170.10724188999998,170.10724188999998,170.10724188999998,1,530.37589429,0.0,530.37589429,530.37589429,530.37589429,1,221.35283,0.0,221.35283,221.35283,221.35283,1,11.47168,0.0,11.47168,11.47168,11.47168,1,169.16401544,0.0,169.16401544,169.16401544,169.16401544,1,342.6115005299123,0.0,342.6115005299123,342.6115005299123,342.6115005299123,1,142.98127145555313,0.0,142.98127145555313,142.98127145555313,142.98127145555313,1,7.401511776711303,0.0,7.401511776711303,7.401511776711303,7.401511776711303,1,109.27637947428924,0.0,109.27637947428924,109.27637947428924,109.27637947428924,1,1556.6698192999993,0.0,1556.6698192999993,1556.6698192999993,1556.6698192999993,1,1533.6221059999991,0.0,1533.6221059999991,1533.6221059999991,1533.6221059999991,1,46777.71,0.0,46777.71,46777.71,46777.71,1,432.0,0.0,432.0,432,432,1,118.5053240740741,0.0,118.5053240740741,118.5053240740741,118.5053240740741,1,118.60000000000036,0.0,118.60000000000036,118.60000000000036,118.60000000000036,1,120.10000000000014,0.0,120.10000000000014,120.10000000000014,120.10000000000014,1,0.9744867531234224,0.0,0.9744867531234224,0.9744867531234224,0.9744867531234224,1,795.2874685761568,0.0,795.2874685761568,795.2874685761568,795.2874685761568,1,807.2392769747939,0.0,807.2392769747939,807.2392769747939,807.2392769747939,1,0.0,0.0,0.0,0.0,0.0,1,0.0,0.0,0.0,0.0,0.0,1,345.83219178636455,0.0,345.83219178636455,345.83219178636455,345.83219178636455,1,144.3333590028469,0.0,144.3333590028469,144.3333590028469,144.3333590028469,1,7.4801217034622,0.0,7.4801217034622,7.4801217034622,7.4801217034622,1,110.3035844215981,0.0,110.3035844215981,110.3035844215981,110.3035844215981,1,30.049859912511774,0.0,30.049859912511774,30.049859912511774,30.049859912511774,1,14.513472222222155,0.0,14.513472222222155,14.513472222222155,14.513472222222155,1,20.999999999999915,0.0,20.999999999999915,20.999999999999915,20.999999999999915,1,14.132733690367893,0.0,14.132733690367893,14.132733690367893,14.132733690367893,1,1,1,1
safety,scenario_0,IDM,1.0,30,1.0,vehicle_type_assignment,1,,1,1,0,30,1090.8,0.0,1090.8,1090.8,1090.8,1,1110.0,0.0,1110.0,1110.0,1110.0,1,29.710000000000004,0.0,29.710000000000004,29.710000000000004,29.710000000000004,1,1.262177448353619e-29,0.0,1.262177448353619e-29,1.262177448353619e-29,1.262177448353619e-29,1,25.0,0.0,25.0,25,25,1,8820.0,0.0,8820.0,8820,8820,1,0.0,0.0,0.0,0,0,1,1516.0,0.0,1516.0,1516,1516,1,7304.0,0.0,7304.0,7304,7304,1,3652.0,0.0,3652.0,3652,3652,1,0.0,0.0,0.0,0,0,1,3638.0,0.0,3638.0,3638,3638,1,1.84,0.0,1.84,1.84,1.84,1,30.0,0.0,30.0,30,30,1,3636.0,0.0,3636.0,3636,3636,1,3.37,0.0,3.37,3.37,3.37,1,0.0,0.0,0.0,0,0,1,0.0,0.0,0.0,0,0,1,0.0,0.0,0.0,0,0,1,0.0,0.0,0.0,0,0,1,,,,,,0,626.2286454600002,0.0,626.2286454600002,626.2286454600002,626.2286454600002,1,263.7167599999998,0.0,263.7167599999998,263.7167599999998,263.7167599999998,1,14.22472,0.0,14.22472,14.22472,14.22472,1,199.73609124,0.0,199.73609124,199.73609124,199.73609124,1,620.8467894199999,0.0,620.8467894199999,620.8467894199999,620.8467894199999,1,261.51598,0.0,261.51598,261.51598,261.51598,1,14.137239999999998,0.0,14.137239999999998,14.137239999999998,14.137239999999998,1,198.01943024,0.0,198.01943024,198.01943024,198.01943024,1,335.98541884618106,0.0,335.98541884618106,335.98541884618106,335.98541884618106,1,141.4898323603073,0.0,141.4898323603073,141.4898323603073,141.4898323603073,1,7.631874622501476,0.0,7.631874622501476,7.631874622501476,7.631874622501476,1,107.1627987005857,0.0,107.1627987005857,107.1627987005857,107.1627987005857,1,1863.856615,0.0,1863.856615,1863.856615,1863.856615,1,1836.2924700000003,0.0,1836.2924700000003,1836.2924700000003,1836.2924700000003,1,37861.44,0.0,37861.44,37861.44,37861.44,1,870.0,0.0,870.0,870,870,1,99.00045977011496,0.0,99.00045977011496,99.00045977011496,99.00045977011496,1,99.0,0.0,99.0,99.0,99.0,1,99.0,0.0,99.0,99.0,99.0,1,0.0095782375429907,0.0,0.0095782375429907,0.0095782375429907,0.0095782375429907,1,1951.866882206495,0.0,1951.866882206495,1951.866882206495,1951.866882206495,1,1981.165886935211,0.0,1981.165886935211,1981.165886935211,1981.165886935211,1,0.0,0.0,0.0,0.0,0.0,1,0.0,0.0,0.0,0.0,0.0,1,338.09798796375816,0.0,338.09798796375816,338.09798796375816,338.09798796375816,1,142.41521123266375,0.0,142.41521123266375,142.41521123266375,142.41521123266375,1,7.698795388514551,0.0,7.698795388514551,7.698795388514551,7.698795388514551,1,107.83654209506176,0.0,107.83654209506176,107.83654209506176,107.83654209506176,1,20.313493911118265,0.0,20.313493911118265,20.313493911118265,20.313493911118265,1,0.2004597701149005,0.0,0.2004597701149005,0.2004597701149005,0.2004597701149005,1,0.1999999999999602,0.0,0.1999999999999602,0.1999999999999602,0.1999999999999602,1,1950.793838291043,0.0,1950.793838291043,1950.793838291043,1950.793838291043,1,1,1,1
safety,scenario_0,IDM,0.0,60,0.0,vehicle_type_assignment,1,,1,1,0,0,946.8,0.0,946.8,946.8,946.8,1,990.0,0.0,990.0,990.0,990.0,1,27.207600000000003,0.0,27.207600000000003,27.207600000000003,27.207600000000003,1,0.0449222399999999,0.0,0.0449222399999999,0.0449222399999999,0.0449222399999999,1,25.0,0.0,25.0,25,25,1,2408.0,0.0,2408.0,2408,2408,1,0.0,0.0,0.0,0,0,1,344.0,0.0,344.0,344,344,1,2064.0,0.0,2064.0,2064,2064,1,1032.0,0.0,1032.0,1032,1032,1,0.0,0.0,0.0,0,0,1,1006.0,0.0,1006.0,1006,1006,1,1.89,0.0,1.89,1.89,1.89,1,52.0,0.0,52.0,52,52,1,0.0,0.0,0.0,0,0,1,,,,,,0,0.0,0.0,0.0,0,0,1,0.0,0.0,0.0,0,0,1,0.0,0.0,0.0,0,0,1,0.0,0.0,0.0,0,0,1,,,,,,0,579.23742137,0.0,579.23742137,579.23742137,579.23742137,1,243.9082,0.0,243.9082,243.9082,243.9082,1,11.963940000000004,0.0,11.963940000000004,11.963940000000004,11.963940000000004,1,184.7502705800001,0.0,184.7502705800001,184.7502705800001,184.7502705800001,1,577.09912513,0.0,577.09912513,577.09912513,577.09912513,1,243.01001000000005,0.0,243.01001000000005,243.01001000000005,243.01001000000005,1,11.92538,0.0,11.92538,11.92538,11.92538,1,184.06821767000005,0.0,184.06821767000005,184.06821767000005,184.06821767000005,1,358.0395771084049,0.0,358.0395771084049,358.0395771084049,358.0395771084049,1,150.76510176901908,0.0,150.76510176901908,150.76510176901908,150.76510176901908,1,7.395178315687782,0.0,7.395178315687782,7.395178315687782,7.395178315687782,1,114.19826535494715,0.0,114.19826535494715,114.19826535494715,114.19826535494715,1,1617.8027749,0.0,1617.8027749,1617.8027749,1617.8027749,1,1593.8853171,0.0,1593.8853171,1593.8853171,1593.8853171,1,109758.10999999996,0.0,109758.10999999996,109758.10999999996,109758.10999999996,1,0.0,0.0,0.0,0,0,1,,,,,,0,,,,,,0,,,,,,0,,,,,,0,621.831051107069,0.0,621.831051107069,621.831051107069,621.831051107069,1,631.1620975531476,0.0,631.1620975531476,631.1620975531476,631.1620975531476,1,0.0,0.0,0.0,0.0,0.0,1,0.0,0.0,0.0,0.0,0.0,1,362.07067029138886,0.0,362.07067029138886,362.07067029138886,362.07067029138886,1,152.46392409345071,0.0,152.46392409345071,152.46392409345071,152.46392409345071,1,7.481956118209102,0.0,7.481956118209102,7.481956118209102,7.481956118209102,1,115.48397848654731,0.0,115.48397848654731,115.48397848654731,115.48397848654731,1,67.84393728511459,0.0,67.84393728511459,67.84393728511459,67.84393728511459,1,84.96251728907318,0.0,84.96251728907318,84.96251728907318,84.96251728907318,1,88.2000000000001,0.0,88.2000000000001,88.2000000000001,88.2000000000001,1,0.0,0.0,0.0,0.0,0.0,1,1,1,1
safety,scenario_0,IDM,0.2,60,0.2,vehicle_type_assignment,1,,1,1,0,12,1022.4,0.0,1022.4,1022.4,1022.4,1,1080.0,0.0,1080.0,1080.0,1080.0,1,27.5324,0.0,27.5324,27.5324,27.5324,1,0.0273542399999998,0.0,0.0273542399999998,0.0273542399999998,0.0273542399999998,1,25.0,0.0,25.0,25,25,1,2224.0,0.0,2224.0,2224,2224,1,0.0,0.0,0.0,0,0,1,340.0,0.0,340.0,340,340,1,1884.0,0.0,1884.0,1884,1884,1,942.0,0.0,942.0,942,942,1,0.0,0.0,0.0,0,0,1,911.0,0.0,911.0,911,911,1,2.0,0.0,2.0,2.0,2.0,1,53.0,0.0,53.0,53,53,1,0.0,0.0,0.0,0,0,1,,,,,,0,0.0,0.0,0.0,0,0,1,0.0,0.0,0.0,0,0,1,0.0,0.0,0.0,0,0,1,0.0,0.0,0.0,0,0,1,,,,,,0,622.2552806499997,0.0,622.2552806499997,622.2552806499997,622.2552806499997,1,261.92472,0.0,261.92472,261.92472,261.92472,1,12.96924,0.0,12.96924,12.96924,12.96924,1,198.47063933000004,0.0,198.47063933000004,198.47063933000004,198.47063933000004,1,619.7157163999999,0.0,619.7157163999999,619.7157163999999,619.7157163999999,1,260.86245,0.0,260.86245,260.86245,260.86245,1,12.92415,0.0,12.92415,12.92415,12.92415,1,197.66059321,0.0,197.66059321,197.66059321,197.66059321,1,356.0449461965502,0.0,356.0449461965502,356.0449461965502,356.0449461965502,1,149.86931527930378,0.0,149.86931527930378,149.86931527930378,149.86931527930378,1,7.420800596801088,0.0,7.420800596801088,7.420800596801088,7.420800596801088,1,113.56186166556851,0.0,113.56186166556851,113.56186166556851,113.56186166556851,1,1747.687440299999,0.0,1747.687440299999,1747.687440299999,1747.687440299999,1,1721.8425126999996,0.0,1721.8425126999996,1721.8425126999996,1721.8425126999996,1,106494.81999999996,0.0,106494.81999999996,106494.81999999996,106494.81999999996,1,115.0,0.0,115.0,115,115,1,181.97217391304343,0.0,181.97217391304343,181.97217391304343,181.97217391304343,1,182.0,0.0,182.0,182.0,182.0,1,184.29999999999995,0.0,184.29999999999995,184.29999999999995,184.29999999999995,1,1.371609516373529,0.0,1.371609516373529,1.371609516373529,1.371609516373529,1,521.2602545473592,0.0,521.2602545473592,521.2602545473592,521.2602545473592,1,529.0843926088643,0.0,529.0843926088643,529.0843926088643,529.0843926088643,1,0.0,0.0,0.0,0.0,0.0,1,0.0,0.0,0.0,0.0,0.0,1,359.91428474386515,0.0,359.91428474386515,359.91428474386515,359.91428474386515,1,151.50192196784874,0.0,151.50192196784874,151.50192196784874,151.50192196784874,1,7.506000057887874,0.0,7.506000057887874,7.506000057887874,7.506000057887874,1,114.79597683997876,0.0,114.79597683997876,114.79597683997876,114.79597683997876,1,60.93470579711874,0.0,60.93470579711874,60.93470579711874,60.93470579711874,1,72.07290322580634,0.0,72.07290322580634,72.07290322580634,72.07290322580634,1,83.89999999999978,0.0,83.89999999999978,83.89999999999978,83.89999999999978,1,0.0,0.0,0.0,0.0,0.0,1,1,1,1
safety,scenario_0,IDM,0.6,60,0.6,vehicle_type_assignment,1,,1,1,0,36,1314.0,0.0,1314.0,1314.0,1314.0,1,1440.0,0.0,1440.0,1440.0,1440.0,1,27.766799999999996,0.0,27.766799999999996,27.766799999999996,27.766799999999996,1,0.05186976,0.0,0.05186976,0.05186976,0.05186976,1,25.0,0.0,25.0,25,25,1,5560.0,0.0,5560.0,5560,5560,1,0.0,0.0,0.0,0,0,1,832.0,0.0,832.0,832,832,1,4728.0,0.0,4728.0,4728,4728,1,2364.0,0.0,2364.0,2364,2364,1,0.0,0.0,0.0,0,0,1,2294.0,0.0,2294.0,2294,2294,1,1.49,0.0,1.49,1.49,1.49,1,53.0,0.0,53.0,53,53,1,433.0,0.0,433.0,433,433,1,3.55,0.0,3.55,3.55,3.55,1,0.0,0.0,0.0,0,0,1,0.0,0.0,0.0,0,0,1,0.0,0.0,0.0,0,0,1,0.0,0.0,0.0,0,0,1,,,,,,0,794.5091838000003,0.0,794.5091838000003,794.5091838000003,794.5091838000003,1,333.39388,0.0,333.39388,333.39388,333.39388,1,16.922909999999995,0.0,16.922909999999995,16.922909999999995,16.922909999999995,1,253.4109424,0.0,253.4109424,253.4109424,253.4109424,1,789.9796747800003,0.0,789.9796747800003,789.9796747800003,789.9796747800003,1,331.52421000000004,0.0,331.52421000000004,331.52421000000004,331.52421000000004,1,16.84655,0.0,16.84655,16.84655,16.84655,1,251.96615868,0.0,251.96615868,251.96615868,251.96615868,1,354.1582498396987,0.0,354.1582498396987,354.1582498396987,354.1582498396987,1,148.61274791480452,0.0,148.61274791480452,148.61274791480452,148.61274791480452,1,7.543510270239285,0.0,7.543510270239285,7.543510270239285,7.543510270239285,1,112.95977149233887,0.0,112.95977149233887,112.95977149233887,112.95977149233887,1,2243.373362500001,0.0,2243.373362500001,2243.373362500001,2243.373362500001,1,2210.1859416,0.0,2210.1859416,2210.1859416,2210.1859416,1,105624.43000000002,0.0,105624.43000000002,105624.43000000002,105624.43000000002,1,600.0,0.0,600.0,600,600,1,153.4925000000002,0.0,153.4925000000002,153.4925000000002,153.4925000000002,1,153.4000000000001,0.0,153.4000000000001,153.4000000000001,153.4000000000001,1,154.9000000000001,0.0,154.9000000000001,154.9000000000001,154.9000000000001,1,0.7971786186294914,0.0,0.7971786186294914,0.7971786186294914,0.7971786186294914,1,1022.5671920449216,0.0,1022.5671920449216,1022.5671920449216,1022.5671920449216,1,1037.9217227032605,0.0,1037.9217227032605,1037.9217227032605,1037.9217227032605,1,0.0,0.0,0.0,0.0,0.0,1,0.0,0.0,0.0,0.0,0.0,1,357.4267937873668,0.0,357.4267937873668,357.4267937873668,357.4267937873668,1,149.99833442067896,0.0,149.99833442067896,149.99833442067896,149.99833442067896,1,7.622231995469316,0.0,7.622231995469316,7.622231995469316,7.622231995469316,1,114.00224476027404,0.0,114.00224476027404,114.00224476027404,114.00224476027404,1,47.08285823733453,0.0,47.08285823733453,47.08285823733453,47.08285823733453,1,49.1755512943432,0.0,49.1755512943432,49.1755512943432,49.1755512943432,1,55.99999999999969,0.0,55.99999999999969,55.99999999999969,55.99999999999969,1,193.01290067805192,0.0,193.01290067805192,193.01290067805192,193.01290067805192,1,1,1,1
safety,scenario_0,IDM,1.0,60,1.0,vehicle_type_assignment,1,,1,1,0,60,1794.0,0.0,1794.0,1794.0,1794.0,1,1800.0,0.0,1800.0,1800.0,1800.0,1,29.710000000000004,0.0,29.710000000000004,29.710000000000004,29.710000000000004,1,1.262177448353619e-29,0.0,1.262177448353619e-29,1.262177448353619e-29,1.262177448353619e-29,1,25.0,0.0,25.0,25,25,1,42888.0,0.0,42888.0,42888,42888,1,0.0,0.0,0.0,0,0,1,6816.0,0.0,6816.0,6816,6816,1,36072.0,0.0,36072.0,36072,36072,1,18036.0,0.0,18036.0,18036,18036,1,0.0,0.0,0.0,0,0,1,17944.0,0.0,17944.0,17944,17944,1,1.7,0.0,1.7,1.7,1.7,1,56.0,0.0,56.0,56,56,1,5980.0,0.0,5980.0,5980,5980,1,3.14,0.0,3.14,3.14,3.14,1,0.0,0.0,0.0,0,0,1,0.0,0.0,0.0,0,0,1,0.0,0.0,0.0,0,0,1,0.0,0.0,0.0,0,0,1,,,,,,0,1055.44037372,0.0,1055.44037372,1055.44037372,1055.44037372,1,444.14704,0.0,444.14704,444.14704,444.14704,1,23.80423999999999,0.0,23.80423999999999,23.80423999999999,23.80423999999999,1,336.6340442,0.0,336.6340442,336.6340442,336.6340442,1,1046.6079431600003,0.0,1046.6079431600003,1046.6079431600003,1046.6079431600003,1,440.53624,0.0,440.53624,440.53624,440.53624,1,23.66096,0.0,23.66096,23.66096,23.66096,1,333.81674608,0.0,333.81674608,333.81674608,333.81674608,1,344.3611497887091,0.0,344.3611497887091,344.3611497887091,344.3611497887091,1,144.9129568831781,0.0,144.9129568831781,144.9129568831781,144.9129568831781,1,7.766668454565908,0.0,7.766668454565908,7.766668454565908,7.766668454565908,1,109.834424952071,0.0,109.834424952071,109.834424952071,109.834424952071,1,3064.9228996,0.0,3064.9228996,3064.9228996,3064.9228996,1,3019.5968544000007,0.0,3019.5968544000007,3019.5968544000007,3019.5968544000007,1,82253.56000000001,0.0,82253.56000000001,82253.56000000001,82253.56000000001,1,1456.0,0.0,1456.0,1456,1456,1,112.40412087911804,0.0,112.40412087911804,112.40412087911804,112.40412087911804,1,112.40000000000008,0.0,112.40000000000008,112.40000000000008,112.40000000000008,1,112.40000000000008,0.0,112.40000000000008,112.40000000000008,112.40000000000008,1,0.0198772801801229,0.0,0.0198772801801229,0.0198772801801229,0.0198772801801229,1,5854.633407692525,0.0,5854.633407692525,5854.633407692525,5854.633407692525,1,5942.515132062391,0.0,5942.515132062391,5942.515132062391,5942.515132062391,1,0.0,0.0,0.0,0.0,0.0,1,0.0,0.0,0.0,0.0,0.0,1,346.6051905687136,0.0,346.6051905687136,346.6051905687136,346.6051905687136,1,145.89240260933286,0.0,145.89240260933286,145.89240260933286,145.89240260933286,1,7.835800983009526,0.0,7.835800983009526,7.835800983009526,7.835800983009526,1,110.55010392979428,0.0,110.55010392979428,110.55010392979428,110.55010392979428,1,26.83707313183469,0.0,26.83707313183469,26.83707313183469,26.83707313183469,1,13.604120879120869,0.0,13.604120879120869,13.604120879120869,13.604120879120869,1,13.600000000000051,0.0,13.600000000000051,13.600000000000051,13.600000000000051,1,1951.1094392555335,0.0,1951.1094392555335,1951.1094392555335,1951.1094392555335,1,1,1,1
safety,scenario_0,IDM,0.0,120,0.0,vehicle_type_assignment,1,,1,1,0,0,942.0,0.0,942.0,942.0,942.0,1,960.0,0.0,960.0,960.0,960.0,1,18.1504,0.0,18.1504,18.1504,18.1504,1,0.4644198399999998,0.0,0.4644198399999998,0.4644198399999998,0.4644198399999998,1,25.0,0.0,25.0,25,25,1,2420.0,0.0,2420.0,2420,2420,1,0.0,0.0,0.0,0,0,1,334.0,0.0,334.0,334,334,1,2086.0,0.0,2086.0,2086,2086,1,1043.0,0.0,1043.0,1043,1043,1,0.0,0.0,0.0,0,0,1,999.0,0.0,999.0,999,999,1,2.1,0.0,2.1,2.1,2.1,1,76.0,0.0,76.0,76,76,1,0.0,0.0,0.0,0,0,1,,,,,,0,0.0,0.0,0.0,0,0,1,0.0,0.0,0.0,0,0,1,0.0,0.0,0.0,0,0,1,0.0,0.0,0.0,0,0,1,,,,,,0,591.2274953799998,0.0,591.2274953799998,591.2274953799998,591.2274953799998,1,248.32454,0.0,248.32454,248.32454,248.32454,1,11.500329999999998,0.0,11.500329999999998,11.500329999999998,11.500329999999998,1,188.57700359999995,0.0,188.57700359999995,188.57700359999995,188.57700359999995,1,588.9524138699999,0.0,588.9524138699999,588.9524138699999,588.9524138699999,1,247.3687,0.0,247.3687,247.3687,247.3687,1,11.45928,0.0,11.45928,11.45928,11.45928,1,187.85132046,0.0,187.85132046,187.85132046,187.85132046,1,366.78136177026414,0.0,366.78136177026414,366.78136177026414,366.78136177026414,1,154.05375029730988,0.0,154.05375029730988,154.05375029730988,154.05375029730988,1,7.134490075594871,0.0,7.134490075594871,7.134490075594871,7.134490075594871,1,116.98801344566792,0.0,116.98801344566792,116.98801344566792,116.98801344566792,1,1611.9344029000006,0.0,1611.9344029000006,1611.9344029000006,1611.9344029000006,1,1588.0894916000002,0.0,1588.0894916000002,1588.0894916000002,1588.0894916000002,1,180069.44000000006,0.0,180069.44000000006,180069.44000000006,180069.44000000006,1,0.0,0.0,0.0,0,0,1,,,,,,0,,,,,,0,,,,,,0,,,,,,0,619.75226671924,0.0,619.75226671924,619.75226671924,619.75226671924,1,629.057748498485,0.0,629.057748498485,629.057748498485,629.057748498485,1,0.0,0.0,0.0,0.0,0.0,1,0.0,0.0,0.0,0.0,0.0,1,370.8559353771872,0.0,370.8559353771872,370.8559353771872,370.8559353771872,1,155.7649624334306,0.0,155.7649624334306,155.7649624334306,155.7649624334306,1,7.215764640854574,0.0,7.215764640854574,7.215764640854574,7.215764640854574,1,118.28761631735236,0.0,118.28761631735236,118.28761631735236,118.28761631735236,1,111.71015376062483,0.0,111.71015376062483,111.71015376062483,111.71015376062483,1,174.6697058823529,0.0,174.6697058823529,174.6697058823529,174.6697058823529,1,178.09999999999997,0.0,178.09999999999997,178.09999999999997,178.09999999999997,1,0.0,0.0,0.0,0.0,0.0,1,1,1,1
safety,scenario_0,IDM,0.2,120,0.2,vehicle_type_assignment,1,,1,1,0,24,1027.2,0.0,1027.2,1027.2,1027.2,1,1080.0,0.0,1080.0,1080.0,1080.0,1,25.185600000000004,0.0,25.185600000000004,25.185600000000004,25.185600000000004,1,1.95044064,0.0,1.95044064,1.95044064,1.95044064,1,25.0,0.0,25.0,25,25,1,2380.0,0.0,2380.0,2380,2380,1,0.0,0.0,0.0,0,0,1,358.0,0.0,358.0,358,358,1,2022.0,0.0,2022.0,2022,2022,1,1011.0,0.0,1011.0,1011,1011,1,0.0,0.0,0.0,0,0,1,967.0,0.0,967.0,967,967,1,1.72,0.0,1.72,1.72,1.72,1,82.0,0.0,82.0,82,82,1,0.0,0.0,0.0,0,0,1,,,,,,0,0.0,0.0,0.0,0,0,1,0.0,0.0,0.0,0,0,1,0.0,0.0,0.0,0,0,1,0.0,0.0,0.0,0,0,1,,,,,,0,643.95963972,0.0,643.95963972,643.95963972,643.95963972,1,270.05415000000005,0.0,270.05415000000005,270.05415000000005,270.05415000000005,1,12.490480000000002,0.0,12.490480000000002,12.490480000000002,12.490480000000002,1,205.39641029,0.0,205.39641029,205.39641029,205.39641029,1,641.25582203,0.0,641.25582203,641.25582203,641.25582203,1,268.92202,0.0,268.92202,268.92202,268.92202,1,12.442300000000005,0.0,12.442300000000005,12.442300000000005,12.442300000000005,1,204.53397217000003,0.0,204.53397217000003,204.53397217000003,204.53397217000003,1,365.7187521911969,0.0,365.7187521911969,365.7187521911969,365.7187521911969,1,153.36965342268627,0.0,153.36965342268627,153.36965342268627,153.36965342268627,1,7.093616553135711,0.0,7.093616553135711,7.093616553135711,7.093616553135711,1,116.64911004123124,0.0,116.64911004123124,116.64911004123124,116.64911004123124,1,1760.8056351000002,0.0,1760.8056351000002,1760.8056351000002,1760.8056351000002,1,1734.7610776,0.0,1734.7610776,1734.7610776,1734.7610776,1,193737.13000000003,0.0,193737.13000000003,193737.13000000003,193737.13000000003,1,128.0,0.0,128.0,128,128,1,283.22031249999986,0.0,283.22031249999986,283.22031249999986,283.22031249999986,1,282.95,0.0,282.95,282.95,282.95,1,289.39999999999964,0.0,289.39999999999964,289.39999999999964,289.39999999999964,1,3.362136582940028,0.0,3.362136582940028,3.362136582940028,3.362136582940028,1,549.1804323678699,0.0,549.1804323678699,549.1804323678699,549.1804323678699,1,557.4254648010786,0.0,557.4254648010786,557.4254648010786,557.4254648010786,1,0.0,0.0,0.0,0.0,0.0,1,0.0,0.0,0.0,0.0,0.0,1,369.6508010873532,0.0,369.6508010873532,369.6508010873532,369.6508010873532,1,155.01962977636498,0.0,155.01962977636498,155.01962977636498,155.01962977636498,1,7.172342151700581,0.0,7.172342151700581,7.172342151700581,7.172342151700581,1,117.9032518143466,0.0,117.9032518143466,117.9032518143466,117.9032518143466,1,110.0275499680561,0.0,110.0275499680561,110.0275499680561,110.0275499680561,1,173.63301886792473,0.0,173.63301886792473,173.63301886792473,173.63301886792473,1,186.29999999999987,0.0,186.29999999999987,186.29999999999987,186.29999999999987,1,0.0,0.0,0.0,0.0,0.0,1,1,1,1
safety,scenario_0,IDM,0.6,120,0.6,vehicle_type_assignment,1,,1,1,0,72,1330.8,0.0,1330.8,1330.8,1330.8,1,1410.0,0.0,1410.0,1410.0,1410.0,1,21.6584,0.0,21.6584,21.6584,21.6584,1,2.8428854399999994,0.0,2.8428854399999994,2.8428854399999994,2.8428854399999994,1,25.0,0.0,25.0,25,25,1,3072.0,0.0,3072.0,3072,3072,1,0.0,0.0,0.0,0,0,1,420.0,0.0,420.0,420,420,1,2652.0,0.0,2652.0,2652,2652,1,1326.0,0.0,1326.0,1326,1326,1,0.0,0.0,0.0,0,0,1,1281.0,0.0,1281.0,1281,1281,1,1.51,0.0,1.51,1.51,1.51,1,87.0,0.0,87.0,87,87,1,188.0,0.0,188.0,188,188,1,3.39,0.0,3.39,3.39,3.39,1,0.0,0.0,0.0,0,0,1,0.0,0.0,0.0,0,0,1,0.0,0.0,0.0,0,0,1,0.0,0.0,0.0,0,0,1,,,,,,0,840.6717621799996,0.0,840.6717621799996,840.6717621799996,840.6717621799996,1,352.5896599999999,0.0,352.5896599999999,352.5896599999999,352.5896599999999,1,16.721869999999996,0.0,16.721869999999996,16.721869999999996,16.721869999999996,1,268.13818418,0.0,268.13818418,268.13818418,268.13818418,1,836.1455412399997,0.0,836.1455412399997,836.1455412399997,836.1455412399997,1,350.7214,0.0,350.7214,350.7214,350.7214,1,16.645569999999996,0.0,16.645569999999996,16.645569999999996,16.645569999999996,1,266.69444931,0.0,266.69444931,266.69444931,266.69444931,1,370.2149509373892,0.0,370.2149509373892,370.2149509373892,370.2149509373892,1,155.2734010470802,0.0,155.2734010470802,155.2734010470802,155.2734010470802,1,7.36397552545114,0.0,7.36397552545114,7.36397552545114,7.36397552545114,1,118.0826681310422,0.0,118.0826681310422,118.0826681310422,118.0826681310422,1,2270.7666453000006,0.0,2270.7666453000006,2270.7666453000006,2270.7666453000006,1,2237.1856452,0.0,2237.1856452,2237.1856452,2237.1856452,1,204509.6,0.0,204509.6,204509.6,204509.6,1,596.0,0.0,596.0,596,596,1,241.5560402684564,0.0,241.5560402684564,241.5560402684564,241.5560402684564,1,241.5999999999999,0.0,241.5999999999999,241.5999999999999,241.5999999999999,1,244.0,0.0,244.0,244.0,244.0,1,1.6997967974851884,0.0,1.6997967974851884,1.6997967974851884,1.6997967974851884,1,564.1266585676669,0.0,564.1266585676669,564.1266585676669,564.1266585676669,1,572.5944124254744,0.0,572.5944124254744,572.5944124254744,572.5944124254744,1,0.0,0.0,0.0,0.0,0.0,1,0.0,0.0,0.0,0.0,0.0,1,373.7488406623716,0.0,373.7488406623716,373.7488406623716,373.7488406623716,1,156.7690194832473,0.0,156.7690194832473,156.7690194832473,156.7690194832473,1,7.440406224541063,0.0,7.440406224541063,7.440406224541063,7.440406224541063,1,119.20979820436762,0.0,119.20979820436762,119.20979820436762,119.20979820436762,1,90.06191826152237,0.0,90.06191826152237,90.06191826152237,90.06191826152237,1,137.2726653696501,0.0,137.2726653696501,137.2726653696501,137.2726653696501,1,145.10000000000005,0.0,145.10000000000005,145.10000000000005,145.10000000000005,1,82.7914221785491,0.0,82.7914221785491,82.7914221785491,82.7914221785491,1,1,1,1
safety,scenario_0,IDM,1.0,120,1.0,vehicle_type_assignment,1,,1,1,0,120,1790.4,0.0,1790.4,1790.4,1790.4,1,1800.0,0.0,1800.0,1800.0,1800.0,1,28.42,0.0,28.42,28.42,28.42,1,0.0,0.0,0.0,0.0,0.0,1,25.0,0.0,25.0,25,25,1,28600.0,0.0,28600.0,28600,28600,1,0.0,0.0,0.0,0,0,1,4088.0,0.0,4088.0,4088,4088,1,24512.0,0.0,24512.0,24512,24512,1,12252.0,0.0,12252.0,12252,12252,1,0.0,0.0,0.0,0,0,1,12060.0,0.0,12060.0,12060,12060,1,1.69,0.0,1.69,1.69,1.69,1,116.0,0.0,116.0,116,116,1,5972.0,0.0,5972.0,5972,5972,1,3.23,0.0,3.23,3.23,3.23,1,0.0,0.0,0.0,0,0,1,0.0,0.0,0.0,0,0,1,0.0,0.0,0.0,0,0,1,0.0,0.0,0.0,0,0,1,,,,,,0,1412.3539821600014,0.0,1412.3539821600014,1412.3539821600014,1412.3539821600014,1,596.9490400000004,0.0,596.9490400000004,596.9490400000004,596.9490400000004,1,28.98571999999999,0.0,28.98571999999999,28.98571999999999,28.98571999999999,1,450.48135868,0.0,450.48135868,450.48135868,450.48135868,1,1403.5293397600014,0.0,1403.5293397600014,1403.5293397600014,1403.5293397600014,1,593.3414400000003,0.0,593.3414400000003,593.3414400000003,593.3414400000003,1,28.842599999999987,0.0,28.842599999999987,28.842599999999987,28.842599999999987,1,447.66654467999984,0.0,447.66654467999984,447.66654467999984,447.66654467999984,1,461.27298518813086,0.0,461.27298518813086,461.27298518813086,461.27298518813086,1,194.96278494210725,0.0,194.96278494210725,194.96278494210725,194.96278494210725,1,9.466698689643811,0.0,9.466698689643811,9.466698689643811,9.466698689643811,1,147.12662952394908,0.0,147.12662952394908,147.12662952394908,147.12662952394908,1,3061.8614736,0.0,3061.8614736,3061.8614736,3061.8614736,1,3016.608368400001,0.0,3016.608368400001,3016.608368400001,3016.608368400001,1,262347.5199999999,0.0,262347.5199999999,262347.5199999999,262347.5199999999,1,1392.0,0.0,1392.0,1392,1392,1,233.13189655173045,0.0,233.13189655173045,233.13189655173045,233.13189655173045,1,233.1,0.0,233.1,233.1,233.1,1,233.20000000000027,0.0,233.20000000000027,233.20000000000027,233.20000000000027,1,0.0466075654859037,0.0,0.0466075654859037,0.0466075654859037,0.0466075654859037,1,3938.7804131518697,0.0,3938.7804131518697,3938.7804131518697,3938.7804131518697,1,3997.867315602716,0.0,3997.867315602716,3997.867315602716,3997.867315602716,1,0.0,0.0,0.0,0.0,0.0,1,0.0,0.0,0.0,0.0,0.0,1,465.2673361456028,0.0,465.2673361456028,465.2673361456028,465.2673361456028,1,196.69157130751668,0.0,196.69157130751668,196.69157130751668,196.69157130751668,1,9.561267648176024,0.0,9.561267648176024,9.561267648176024,9.561267648176024,1,148.40061751782537,0.0,148.40061751782537,148.40061751782537,148.40061751782537,1,85.6823609630985,0.0,85.6823609630985,85.6823609630985,85.6823609630985,1,134.33189655172364,0.0,134.33189655172364,134.33189655172364,134.33189655172364,1,134.40000000000023,0.0,134.40000000000023,134.40000000000023,134.40000000000023,1,1950.4474815375595,0.0,1950.4474815375595,1950.4474815375595,1950.4474815375595,1,1,1,1
safety,scenario_1,CACC,0.2,30,0.2,vehicle_type_assignment,1,,1,1,0,6,1453.2,0.0,1453.2,1453.2,1453.2,1,1650.0,0.0,1650.0,1650.0,1650.0,1,27.064400000000006,0.0,27.064400000000006,27.064400000000006,27.064400000000006,1,0.0449846399999999,0.0,0.0449846399999999,0.0449846399999999,0.0449846399999999,1,25.0,0.0,25.0,25,25,1,0.0,0.0,0.0,0,0,1,0.0,0.0,0.0,0,0,1,0.0,0.0,0.0,0,0,1,0.0,0.0,0.0,0,0,1,0.0,0.0,0.0,0,0,1,0.0,0.0,0.0,0,0,1,0.0,0.0,0.0,0,0,1,,,,,,0,0.0,0.0,0.0,0,0,1,0.0,0.0,0.0,0,0,1,,,,,,0,0.0,0.0,0.0,0,0,1,0.0,0.0,0.0,0,0,1,0.0,0.0,0.0,0,0,1,0.0,0.0,0.0,0,0,1,,,,,,0,436.53290989000016,0.0,436.53290989000016,436.53290989000016,436.53290989000016,1,150.6747900000002,0.0,150.6747900000002,150.6747900000002,150.6747900000002,1,8.59897000000001,0.0,8.59897000000001,8.59897000000001,8.59897000000001,1,139.23392180999977,0.0,139.23392180999977,139.23392180999977,139.23392180999977,1,434.3840513000002,0.0,434.3840513000002,434.3840513000002,434.3840513000002,1,149.93364000000014,0.0,149.93364000000014,149.93364000000014,149.93364000000014,1,8.55666,0.0,8.55666,8.55666,8.55666,1,138.54853480999984,0.0,138.54853480999984,138.54853480999984,138.54853480999984,1,154.76860196745614,0.0,154.76860196745614,154.76860196745614,154.76860196745614,1,53.4203173958094,0.0,53.4203173958094,53.4203173958094,53.4203173958094,1,3.0486832380987097,0.0,3.0486832380987097,3.0486832380987097,3.0486832380987097,1,49.364066114533735,0.0,49.364066114533735,49.364066114533735,49.364066114533735,1,2820.552129700001,0.0,2820.552129700001,2820.552129700001,2820.552129700001,1,2614.8594956000006,0.0,2614.8594956000006,2614.8594956000006,2614.8594956000006,1,18100.09,0.0,18100.09,18100.09,18100.09,1,234.0,0.0,234.0,234,234,1,74.3431623931622,0.0,74.3431623931622,74.3431623931622,74.3431623931622,1,74.30000000000018,0.0,74.30000000000018,74.30000000000018,74.30000000000018,1,74.60000000000014,0.0,74.60000000000014,74.60000000000014,74.60000000000014,1,0.1597816328920961,0.0,0.1597816328920961,0.1597816328920961,0.1597816328920961,1,0.0,0.0,0.0,0.0,0.0,1,0.0,0.0,0.0,0.0,0.0,1,0.0,0.0,0.0,0.0,0.0,1,0.0,0.0,0.0,0.0,0.0,1,166.12137364586286,0.0,166.12137364586286,166.12137364586286,166.12137364586286,1,57.33908083868064,0.0,57.33908083868064,57.33908083868064,57.33908083868064,1,3.272321137865424,0.0,3.272321137865424,3.272321137865424,3.272321137865424,1,52.985078182263386,0.0,52.985078182263386,52.985078182263386,52.985078182263386,1,6.417215200317944,0.0,6.417215200317944,6.417215200317944,6.417215200317944,1,13.323228010247616,0.0,13.323228010247616,13.323228010247616,13.323228010247616,1,14.10000000000008,0.0,14.10000000000008,14.10000000000008,14.10000000000008,1,0.0,0.0,0.0,0.0,0.0,1,1,1,1
safety,scenario_1,CACC,0.6,30,0.6,vehicle_type_assignment,1,,1,1,0,18,1448.4,0.0,1448.4,1448.4,1448.4,1,1800.0,0.0,1800.0,1800.0,1800.0,1,27.034800000000008,0.0,27.034800000000008,27.034800000000008,27.034800000000008,1,0.03194496,0.0,0.03194496,0.03194496,0.03194496,1,25.0,0.0,25.0,25,25,1,0.0,0.0,0.0,0,0,1,0.0,0.0,0.0,0,0,1,0.0,0.0,0.0,0,0,1,0.0,0.0,0.0,0,0,1,0.0,0.0,0.0,0,0,1,0.0,0.0,0.0,0,0,1,0.0,0.0,0.0,0,0,1,,,,,,0,0.0,0.0,0.0,0,0,1,0.0,0.0,0.0,0,0,1,,,,,,0,0.0,0.0,0.0,0,0,1,0.0,0.0,0.0,0,0,1,0.0,0.0,0.0,0,0,1,0.0,0.0,0.0,0,0,1,,,,,,0,434.79591281,0.0,434.79591281,434.79591281,434.79591281,1,145.26834999999994,0.0,145.26834999999994,145.26834999999994,145.26834999999994,1,8.31555000000001,0.0,8.31555000000001,8.31555000000001,8.31555000000001,1,138.68015729000007,0.0,138.68015729000007,138.68015729000007,138.68015729000007,1,432.64613301,0.0,432.64613301,432.64613301,432.64613301,1,144.54965000000007,0.0,144.54965000000007,144.54965000000007,144.54965000000007,1,8.274450000000003,0.0,8.274450000000003,8.274450000000003,8.274450000000003,1,137.99447514,0.0,137.99447514,137.99447514,137.99447514,1,154.22167427834012,0.0,154.22167427834012,154.22167427834012,154.22167427834012,1,51.526538075904,0.0,51.526538075904,51.526538075904,51.526538075904,1,2.949517246510229,0.0,2.949517246510229,2.949517246510229,2.949517246510229,1,49.18971272803434,0.0,49.18971272803434,49.18971272803434,49.18971272803434,1,2819.2918721999995,0.0,2819.2918721999995,2819.2918721999995,2819.2918721999995,1,2613.6847459000014,0.0,2613.6847459000014,2613.6847459000014,2613.6847459000014,1,18999.129999999983,0.0,18999.129999999983,18999.129999999983,18999.129999999983,1,702.0,0.0,702.0,702,702,1,74.37492877492882,0.0,74.37492877492882,74.37492877492882,74.37492877492882,1,74.39999999999986,0.0,74.39999999999986,74.39999999999986,74.39999999999986,1,74.60000000000002,0.0,74.60000000000002,74.60000000000002,74.60000000000002,1,0.1394880057886577,0.0,0.1394880057886577,0.1394880057886577,0.1394880057886577,1,0.0,0.0,0.0,0.0,0.0,1,0.0,0.0,0.0,0.0,0.0,1,0.0,0.0,0.0,0.0,0.0,1,0.0,0.0,0.0,0.0,0.0,1,165.531108404974,0.0,165.531108404974,165.531108404974,165.531108404974,1,55.30492926767477,0.0,55.30492926767477,55.30492926767477,55.30492926767477,1,3.1658179177805783,0.0,3.1658179177805783,3.1658179177805783,3.1658179177805783,1,52.79690879187601,0.0,52.79690879187601,52.79690879187601,52.79690879187601,1,6.738972359457855,0.0,6.738972359457855,6.738972359457855,6.738972359457855,1,13.714957264957333,0.0,13.714957264957333,13.714957264957333,13.714957264957333,1,14.299999999999898,0.0,14.299999999999898,14.299999999999898,14.299999999999898,1,0.0,0.0,0.0,0.0,0.0,1,1,1,1
safety,scenario_1,CACC,1.0,30,1.0,vehicle_type_assignment,1,,1,1,0,30,1791.6,0.0,1791.6,1791.6,1791.6,1,1800.0,0.0,1800.0,1800.0,1800.0,1,33.33000000000001,0.0,33.33000000000001,33.33000000000001,33.33000000000001,1,2.0194839173657902e-28,0.0,2.0194839173657902e-28,2.0194839173657902e-28,2.0194839173657902e-28,1,25.0,0.0,25.0,25,25,1,0.0,0.0,0.0,0,0,1,0.0,0.0,0.0,0,0,1,0.0,0.0,0.0,0,0,1,0.0,0.0,0.0,0,0,1,0.0,0.0,0.0,0,0,1,0.0,0.0,0.0,0,0,1,0.0,0.0,0.0,0,0,1,,,,,,0,0.0,0.0,0.0,0,0,1,0.0,0.0,0.0,0,0,1,,,,,,0,0.0,0.0,0.0,0,0,1,0.0,0.0,0.0,0,0,1,0.0,0.0,0.0,0,0,1,0.0,0.0,0.0,0,0,1,,,,,,0,631.8535326400001,0.0,631.8535326400001,631.8535326400001,631.8535326400001,1,222.18318000000195,0.0,222.18318000000195,222.18318000000195,222.18318000000195,1,15.646399999999897,0.0,15.646399999999897,15.646399999999897,15.646399999999897,1,201.53347890000012,0.0,201.53347890000012,201.53347890000012,201.53347890000012,1,628.7367581799997,0.0,628.7367581799997,628.7367581799997,628.7367581799997,1,221.0872200000008,0.0,221.0872200000008,221.0872200000008,221.0872200000008,1,15.569599999999951,0.0,15.569599999999951,15.569599999999951,15.569599999999951,1,200.53936497999985,0.0,200.53936497999985,200.53936497999985,200.53936497999985,1,181.70699537001013,0.0,181.70699537001013,181.70699537001013,181.70699537001013,1,63.89493129977743,0.0,63.89493129977743,63.89493129977743,63.89493129977743,1,4.499555965887346,0.0,4.499555965887346,4.499555965887346,4.499555965887346,1,57.95653743420425,0.0,57.95653743420425,57.95653743420425,57.95653743420425,1,3477.3208998000114,0.0,3477.3208998000114,3477.3208998000114,3477.3208998000114,1,3223.7062638000166,0.0,3223.7062638000166,3223.7062638000166,3223.7062638000166,1,0.0,0.0,0.0,0.0,0.0,1,1470.0,0.0,1470.0,1470,1470,1,60.30353741496726,0.0,60.30353741496726,60.30353741496726,60.30353741496726,1,60.29999999999996,0.0,60.29999999999996,60.29999999999996,60.29999999999996,1,60.30000000000018,0.0,60.30000000000018,60.30000000000018,60.30000000000018,1,0.0184723629229206,0.0,0.0184723629229206,0.0184723629229206,0.0184723629229206,1,0.0,0.0,0.0,0.0,0.0,1,0.0,0.0,0.0,0.0,0.0,1,0.0,0.0,0.0,0.0,0.0,1,0.0,0.0,0.0,0.0,0.0,1,195.03537441989585,0.0,195.03537441989585,195.03537441989585,195.03537441989585,1,68.58168887241892,0.0,68.58168887241892,68.58168887241892,68.58168887241892,1,4.8297204291953495,0.0,4.8297204291953495,4.8297204291953495,4.8297204291953495,1,62.20770398094817,0.0,62.20770398094817,62.20770398094817,62.20770398094817,1,0.0,0.0,0.0,0.0,0.0,1,0.0035374149659745,0.0,0.0035374149659745,0.0035374149659745,0.0035374149659745,1,1.7053025658242404e-13,0.0,1.7053025658242404e-13,1.7053025658242404e-13,1.7053025658242404e-13,1,0.0,0.0,0.0,0.0,0.0,1,1,1,1
safety,scenario_1,CACC,0.2,60,0.2,vehicle_type_assignment,1,,1,1,0,12,2046.0,0.0,2046.0,2046.0,2046.0,1,2070.0,0.0,2070.0,2070.0,2070.0,1,26.592,0.0,26.592,26.592,26.592,1,0.065824,0.0,0.065824,0.065824,0.065824,1,25.0,0.0,25.0,25,25,1,0.0,0.0,0.0,0,0,1,0.0,0.0,0.0,0,0,1,0.0,0.0,0.0,0,0,1,0.0,0.0,0.0,0,0,1,0.0,0.0,0.0,0,0,1,0.0,0.0,0.0,0,0,1,0.0,0.0,0.0,0,0,1,,,,,,0,0.0,0.0,0.0,0,0,1,0.0,0.0,0.0,0,0,1,,,,,,0,0.0,0.0,0.0,0,0,1,0.0,0.0,0.0,0,0,1,0.0,0.0,0.0,0,0,1,0.0,0.0,0.0,0,0,1,,,,,,0,608.4127495,0.0,608.4127495,608.4127495,608.4127495,1,208.51345999999992,0.0,208.51345999999992,208.51345999999992,208.51345999999992,1,11.697520000000008,0.0,11.697520000000008,11.697520000000008,11.697520000000008,1,194.05569001000023,0.0,194.05569001000023,194.05569001000023,194.05569001000023,1,605.4055817600002,0.0,605.4055817600002,605.4055817600002,605.4055817600002,1,207.48286000000007,0.0,207.48286000000007,207.48286000000007,207.48286000000007,1,11.63975,0.0,11.63975,11.63975,11.63975,1,193.0965417400002,0.0,193.0965417400002,193.0965417400002,193.0965417400002,1,153.04286657754153,0.0,153.04286657754153,153.04286657754153,153.04286657754153,1,52.4504091418642,0.0,52.4504091418642,52.4504091418642,52.4504091418642,1,2.9424465449143664,0.0,2.9424465449143664,2.9424465449143664,2.9424465449143664,1,48.813636958167045,0.0,48.813636958167045,48.813636958167045,48.813636958167045,1,3975.440104499992,0.0,3975.440104499992,3975.440104499992,3975.440104499992,1,3685.523502899997,0.0,3685.523502899997,3685.523502899997,3685.523502899997,1,28168.560000000005,0.0,28168.560000000005,28168.560000000005,28168.560000000005,1,380.0,0.0,380.0,380,380,1,75.60263157894744,0.0,75.60263157894744,75.60263157894744,75.60263157894744,1,75.59999999999991,0.0,75.59999999999991,75.59999999999991,75.59999999999991,1,75.90000000000009,0.0,75.90000000000009,75.90000000000009,75.90000000000009,1,0.1869236293605186,0.0,0.1869236293605186,0.1869236293605186,0.1869236293605186,1,0.0,0.0,0.0,0.0,0.0,1,0.0,0.0,0.0,0.0,0.0,1,0.0,0.0,0.0,0.0,0.0,1,0.0,0.0,0.0,0.0,0.0,1,164.26583124042753,0.0,164.26583124042753,164.26583124042753,164.26583124042753,1,56.29671329913913,0.0,56.29671329913913,56.29671329913913,56.29671329913913,1,3.1582351844564625,0.0,3.1582351844564625,3.1582351844564625,3.1582351844564625,1,52.39324660066879,0.0,52.39324660066879,52.39324660066879,52.39324660066879,1,7.085645679358786,0.0,7.085645679358786,7.085645679358786,7.085645679358786,1,14.610853658536564,0.0,14.610853658536564,14.610853658536564,14.610853658536564,1,15.40000000000026,0.0,15.40000000000026,15.40000000000026,15.40000000000026,1,0.0,0.0,0.0,0.0,0.0,1,1,1,1
safety,scenario_1,CACC,0.6,60,0.6,vehicle_type_assignment,1,,1,1,0,36,2757.6,0.0,2757.6,2757.6,2757.6,1,2880.0,0.0,2880.0,2880.0,2880.0,1,27.081199999999995,0.0,27.081199999999995,27.081199999999995,27.081199999999995,1,0.0201945599999999,0.0,0.0201945599999999,0.0201945599999999,0.0201945599999999,1,25.0,0.0,25.0,25,25,1,0.0,0.0,0.0,0,0,1,0.0,0.0,0.0,0,0,1,0.0,0.0,0.0,0,0,1,0.0,0.0,0.0,0,0,1,0.0,0.0,0.0,0,0,1,0.0,0.0,0.0,0,0,1,0.0,0.0,0.0,0,0,1,,,,,,0,0.0,0.0,0.0,0,0,1,0.0,0.0,0.0,0,0,1,,,,,,0,0.0,0.0,0.0,0,0,1,0.0,0.0,0.0,0,0,1,0.0,0.0,0.0,0,0,1,0.0,0.0,0.0,0,0,1,,,,,,0,827.1383087299996,0.0,827.1383087299996,827.1383087299996,827.1383087299996,1,276.1719000000002,0.0,276.1719000000002,276.1719000000002,276.1719000000002,1,15.815689999999988,0.0,15.815689999999988,15.815689999999988,15.815689999999988,1,263.81958258,0.0,263.81958258,263.81958258,263.81958258,1,823.0570514799998,0.0,823.0570514799998,823.0570514799998,823.0570514799998,1,274.80925000000013,0.0,274.80925000000013,274.80925000000013,274.80925000000013,1,15.737660000000004,0.0,15.737660000000004,15.737660000000004,15.737660000000004,1,262.51784678,0.0,262.51784678,262.51784678,262.51784678,1,154.38024563750702,0.0,154.38024563750702,154.38024563750702,154.38024563750702,1,51.545775730832986,0.0,51.545775730832986,51.545775730832986,51.545775730832986,1,2.95190064509958,0.0,2.95190064509958,2.95190064509958,2.95190064509958,1,49.240292140766826,0.0,49.240292140766826,49.240292140766826,49.240292140766826,1,5357.798890099994,0.0,5357.798890099994,5357.798890099994,5357.798890099994,1,4967.066011199998,0.0,4967.066011199998,4967.066011199998,4967.066011199998,1,35881.43000000001,0.0,35881.43000000001,35881.43000000001,35881.43000000001,1,1404.0,0.0,1404.0,1404,1404,1,74.36203703703755,0.0,74.36203703703755,74.36203703703755,74.36203703703755,1,74.39999999999964,0.0,74.39999999999964,74.39999999999964,74.39999999999964,1,74.60000000000014,0.0,74.60000000000014,74.60000000000014,74.60000000000014,1,0.1539290131144857,0.0,0.1539290131144857,0.1539290131144857,0.1539290131144857,1,0.0,0.0,0.0,0.0,0.0,1,0.0,0.0,0.0,0.0,0.0,1,0.0,0.0,0.0,0.0,0.0,1,0.0,0.0,0.0,0.0,0.0,1,165.70286153317232,0.0,165.70286153317232,165.70286153317232,165.70286153317232,1,55.32627297087375,0.0,55.32627297087375,55.32627297087375,55.32627297087375,1,3.1684016206979964,0.0,3.1684016206979964,3.1684016206979964,3.1684016206979964,1,52.85169276753341,0.0,52.85169276753341,52.85169276753341,52.85169276753341,1,6.6970468164269485,0.0,6.6970468164269485,6.6970468164269485,6.6970468164269485,1,13.729097440502644,0.0,13.729097440502644,13.729097440502644,13.729097440502644,1,14.299999999999898,0.0,14.299999999999898,14.299999999999898,14.299999999999898,1,0.0,0.0,0.0,0.0,0.0,1,1,1,1
safety,scenario_1,CACC,1.0,60,1.0,vehicle_type_assignment,1,,1,1,0,60,3582.0,0.0,3582.0,3582.0,3582.0,1,3600.0,0.0,3600.0,3600.0,3600.0,1,33.33000000000001,0.0,33.33000000000001,33.33000000000001,33.33000000000001,1,2.0194839173657902e-28,0.0,2.0194839173657902e-28,2.0194839173657902e-28,2.0194839173657902e-28,1,25.0,0.0,25.0,25,25,1,0.0,0.0,0.0,0,0,1,0.0,0.0,0.0,0,0,1,0.0,0.0,0.0,0,0,1,0.0,0.0,0.0,0,0,1,0.0,0.0,0.0,0,0,1,0.0,0.0,0.0,0,0,1,0.0,0.0,0.0,0,0,1,,,,,,0,0.0,0.0,0.0,0,0,1,0.0,0.0,0.0,0,0,1,,,,,,0,0.0,0.0,0.0,0,0,1,0.0,0.0,0.0,0,0,1,0.0,0.0,0.0,0,0,1,0.0,0.0,0.0,0,0,1,,,,,,0,1263.7070655600005,0.0,1263.7070655600005,1263.7070655600005,1263.7070655600005,1,444.3650000000002,0.0,444.3650000000002,444.3650000000002,444.3650000000002,1,31.292839999999824,0.0,31.292839999999824,31.292839999999824,31.292839999999824,1,403.0669582400004,0.0,403.0669582400004,403.0669582400004,403.0669582400004,1,1257.4735163199975,0.0,1257.4735163199975,1257.4735163199975,1257.4735163199975,1,442.17316000000034,0.0,442.17316000000034,442.17316000000034,442.17316000000034,1,31.139239999999937,0.0,31.139239999999937,31.139239999999937,31.139239999999937,1,401.07873028,0.0,401.07873028,401.07873028,401.07873028,1,181.71006077520025,0.0,181.71006077520025,181.71006077520025,181.71006077520025,1,63.89581363984081,0.0,63.89581363984081,63.89581363984081,63.89581363984081,1,4.499637624253359,0.0,4.499637624253359,4.499637624253359,4.499637624253359,1,57.95751521402576,0.0,57.95751521402576,57.95751521402576,57.95751521402576,1,6954.524478000016,0.0,6954.524478000016,6954.524478000016,6954.524478000016,1,6447.365865600025,0.0,6447.365865600025,6447.365865600025,6447.365865600025,1,0.0,0.0,0.0,0.0,0.0,1,2940.0,0.0,2940.0,2940,2940,1,60.30353741496465,0.0,60.30353741496465,60.30353741496465,60.30353741496465,1,60.29999999999996,0.0,60.29999999999996,60.29999999999996,60.29999999999996,1,60.30000000000018,0.0,60.30000000000018,60.30000000000018,60.30000000000018,1,0.0184723629229206,0.0,0.0184723629229206,0.0184723629229206,0.0184723629229206,1,0.0,0.0,0.0,0.0,0.0,1,0.0,0.0,0.0,0.0,0.0,1,0.0,0.0,0.0,0.0,0.0,1,0.0,0.0,0.0,0.0,0.0,1,195.0367859576976,0.0,195.0367859576976,195.0367859576976,195.0367859576976,1,68.58198669308018,0.0,68.58198669308018,68.58198669308018,68.58198669308018,1,4.829761587773948,0.0,4.829761587773948,4.829761587773948,4.829761587773948,1,62.20815425101884,0.0,62.20815425101884,62.20815425101884,62.20815425101884,1,0.0,0.0,0.0,0.0,0.0,1,0.0035374149659745,0.0,0.0035374149659745,0.0035374149659745,0.0035374149659745,1,1.7053025658242404e-13,0.0,1.7053025658242404e-13,1.7053025658242404e-13,1.7053025658242404e-13,1,0.0,0.0,0.0,0.0,0.0,1,1,1,1
safety,scenario_1,CACC,0.2,120,0.2,vehicle_type_assignment,1,,1,1,0,24,2006.4,0.0,2006.4,2006.4,2006.4,1,2040.0,0.0,2040.0,2040.0,2040.0,1,26.12720000000001,0.0,26.12720000000001,26.12720000000001,26.12720000000001,1,0.04156416,0.0,0.04156416,0.04156416,0.04156416,1,25.0,0.0,25.0,25,25,1,0.0,0.0,0.0,0,0,1,0.0,0.0,0.0,0,0,1,0.0,0.0,0.0,0,0,1,0.0,0.0,0.0,0,0,1,0.0,0.0,0.0,0,0,1,0.0,0.0,0.0,0,0,1,0.0,0.0,0.0,0,0,1,,,,,,0,0.0,0.0,0.0,0,0,1,0.0,0.0,0.0,0,0,1,,,,,,0,0.0,0.0,0.0,0,0,1,0.0,0.0,0.0,0,0,1,0.0,0.0,0.0,0,0,1,0.0,0.0,0.0,0,0,1,,,,,,0,588.8680864599997,0.0,588.8680864599997,588.8680864599997,588.8680864599997,1,201.14082999999997,0.0,201.14082999999997,201.14082999999997,201.14082999999997,1,11.036980000000009,0.0,11.036980000000009,11.036980000000009,11.036980000000009,1,187.8217911300001,0.0,187.8217911300001,187.8217911300001,187.8217911300001,1,585.9495447600002,0.0,585.9495447600002,585.9495447600002,585.9495447600002,1,200.14304,0.0,200.14304,200.14304,200.14304,1,10.98214,0.0,10.98214,10.98214,10.98214,1,186.89091085000013,0.0,186.89091085000013,186.89091085000013,186.89091085000013,1,151.17568811541764,0.0,151.17568811541764,151.17568811541764,151.17568811541764,1,51.63737699924028,0.0,51.63737699924028,51.63737699924028,51.63737699924028,1,2.8334411128415624,0.0,2.8334411128415624,2.8334411128415624,2.8334411128415624,1,48.21808002508682,0.0,48.21808002508682,48.21808002508682,48.21808002508682,1,3895.256531000001,0.0,3895.256531000001,3895.256531000001,3895.256531000001,1,3611.1934272999983,0.0,3611.1934272999983,3611.1934272999983,3611.1934272999983,1,29673.550000000025,0.0,29673.550000000025,29673.550000000025,29673.550000000025,1,342.0,0.0,342.0,342,342,1,77.15760233918155,0.0,77.15760233918155,77.15760233918155,77.15760233918155,1,77.19999999999982,0.0,77.19999999999982,77.19999999999982,77.19999999999982,1,77.40000000000009,0.0,77.40000000000009,77.40000000000009,77.40000000000009,1,0.1600003099241238,0.0,0.1600003099241238,0.1600003099241238,0.1600003099241238,1,0.0,0.0,0.0,0.0,0.0,1,0.0,0.0,0.0,0.0,0.0,1,0.0,0.0,0.0,0.0,0.0,1,0.0,0.0,0.0,0.0,0.0,1,162.25925211602427,0.0,162.25925211602427,162.25925211602427,162.25925211602427,1,55.4229630811114,0.0,55.4229630811114,55.4229630811114,55.4229630811114,1,3.0411386764765687,0.0,3.0411386764765687,3.0411386764765687,3.0411386764765687,1,51.75322635368605,0.0,51.75322635368605,51.75322635368605,51.75322635368605,1,7.617867979642961,0.0,7.617867979642961,7.617867979642961,7.617867979642961,1,16.14541003671965,0.0,16.14541003671965,16.14541003671965,16.14541003671965,1,16.999999999999716,0.0,16.999999999999716,16.999999999999716,16.999999999999716,1,0.0,0.0,0.0,0.0,0.0,1,1,1,1
safety,scenario_1,CACC,0.6,120,0.6,vehicle_type_assignment,1,,1,1,0,72,3073.2,0.0,3073.2,3073.2,3073.2,1,3150.0,0.0,3150.0,3150.0,3150.0,1,27.724,0.0,27.724,27.724,27.724,1,0.077576,0.0,0.077576,0.077576,0.077576,1,25.0,0.0,25.0,25,25,1,0.0,0.0,0.0,0,0,1,0.0,0.0,0.0,0,0,1,0.0,0.0,0.0,0,0,1,0.0,0.0,0.0,0,0,1,0.0,0.0,0.0,0,0,1,0.0,0.0,0.0,0,0,1,0.0,0.0,0.0,0,0,1,,,,,,0,0.0,0.0,0.0,0,0,1,0.0,0.0,0.0,0,0,1,,,,,,0,0.0,0.0,0.0,0,0,1,0.0,0.0,0.0,0,0,1,0.0,0.0,0.0,0,0,1,0.0,0.0,0.0,0,0,1,,,,,,0,936.71241939,0.0,936.71241939,936.71241939,936.71241939,1,313.2733700000002,0.0,313.2733700000002,313.2733700000002,313.2733700000002,1,18.45797000000004,0.0,18.45797000000004,18.45797000000004,18.45797000000004,1,298.7689284799997,0.0,298.7689284799997,298.7689284799997,298.7689284799997,1,932.0875596500002,0.0,932.0875596500002,932.0875596500002,932.0875596500002,1,311.7263800000001,0.0,311.7263800000001,311.7263800000001,311.7263800000001,1,18.36687000000001,0.0,18.36687000000001,18.36687000000001,18.36687000000001,1,297.29380725999977,0.0,297.29380725999977,297.29380725999977,297.29380725999977,1,156.90519133364953,0.0,156.90519133364953,156.90519133364953,156.90519133364953,1,52.47524965196588,0.0,52.47524965196588,52.47524965196588,52.47524965196588,1,3.0918254680201445,0.0,3.0918254680201445,3.0918254680201445,3.0918254680201445,1,50.04566494189503,0.0,50.04566494189503,50.04566494189503,50.04566494189503,1,5969.926242900001,0.0,5969.926242900001,5969.926242900001,5969.926242900001,1,5534.546070800001,0.0,5534.546070800001,5534.546070800001,5534.546070800001,1,34548.04999999999,0.0,34548.04999999999,34548.04999999999,34548.04999999999,1,1843.0,0.0,1843.0,1843,1843,1,72.58757460662036,0.0,72.58757460662036,72.58757460662036,72.58757460662036,1,72.59999999999991,0.0,72.59999999999991,72.59999999999991,72.59999999999991,1,72.89999999999986,0.0,72.89999999999986,72.89999999999986,72.89999999999986,1,0.1590896826482424,0.0,0.1590896826482424,0.1590896826482424,0.1590896826482424,1,0.0,0.0,0.0,0.0,0.0,1,0.0,0.0,0.0,0.0,0.0,1,0.0,0.0,0.0,0.0,0.0,1,0.0,0.0,0.0,0.0,0.0,1,168.4126480702093,0.0,168.4126480702093,168.4126480702093,168.4126480702093,1,56.323748327736126,0.0,56.323748327736126,56.323748327736126,56.323748327736126,1,3.318586522732683,0.0,3.318586522732683,3.318586522732683,3.318586522732683,1,53.716023582947045,0.0,53.716023582947045,53.716023582947045,53.716023582947045,1,5.787014544959879,0.0,5.787014544959879,5.787014544959879,5.787014544959879,1,12.055533199195368,0.0,12.055533199195368,12.055533199195368,12.055533199195368,1,12.50000000000017,0.0,12.50000000000017,12.50000000000017,12.50000000000017,1,0.0,0.0,0.0,0.0,0.0,1,1,1,1
safety,scenario_1,CACC,1.0,120,1.0,vehicle_type_assignment,1,,1,1,0,120,3343.2,0.0,3343.2,3343.2,3343.2,1,3360.0,0.0,3360.0,3360.0,3360.0,1,33.33000000000001,0.0,33.33000000000001,33.33000000000001,33.33000000000001,1,2.0194839173657902e-28,0.0,2.0194839173657902e-28,2.0194839173657902e-28,2.0194839173657902e-28,1,25.0,0.0,25.0,25,25,1,0.0,0.0,0.0,0,0,1,0.0,0.0,0.0,0,0,1,0.0,0.0,0.0,0,0,1,0.0,0.0,0.0,0,0,1,0.0,0.0,0.0,0,0,1,0.0,0.0,0.0,0,0,1,0.0,0.0,0.0,0,0,1,,,,,,0,0.0,0.0,0.0,0,0,1,0.0,0.0,0.0,0,0,1,,,,,,0,0.0,0.0,0.0,0,0,1,0.0,0.0,0.0,0,0,1,0.0,0.0,0.0,0,0,1,0.0,0.0,0.0,0,0,1,,,,,,0,1179.4598830399973,0.0,1179.4598830399973,1179.4598830399973,1179.4598830399973,1,414.7408000000017,0.0,414.7408000000017,414.7408000000017,414.7408000000017,1,29.20720000000016,0.0,29.20720000000016,29.20720000000016,29.20720000000016,1,376.1958132,0.0,376.1958132,376.1958132,376.1958132,1,1173.6421515999998,0.0,1173.6421515999998,1173.6421515999998,1173.6421515999998,1,412.69552000000033,0.0,412.69552000000033,412.69552000000033,412.69552000000033,1,29.063200000000013,0.0,29.063200000000013,29.063200000000013,29.063200000000013,1,374.3402129599996,0.0,374.3402129599996,374.3402129599996,374.3402129599996,1,181.71065103177904,0.0,181.71065103177904,181.71065103177904,181.71065103177904,1,63.89604416489128,0.0,63.89604416489128,63.89604416489128,63.89604416489128,1,4.499737043311908,0.0,4.499737043311908,4.499737043311908,4.499737043311908,1,57.9577034496589,0.0,57.9577034496589,57.9577034496589,57.9577034496589,1,6490.868181600008,0.0,6490.868181600008,6490.868181600008,6490.868181600008,1,6017.507522400011,0.0,6017.507522400011,6017.507522400011,6017.507522400011,1,0.0,0.0,0.0,0.0,0.0,1,2744.0,0.0,2744.0,2744,2744,1,60.30349854227343,0.0,60.30349854227343,60.30349854227343,60.30349854227343,1,60.29999999999996,0.0,60.29999999999996,60.29999999999996,60.29999999999996,1,60.30000000000018,0.0,60.30000000000018,60.30000000000018,60.30000000000018,1,0.0183742871796838,0.0,0.0183742871796838,0.0183742871796838,0.0183742871796838,1,0.0,0.0,0.0,0.0,0.0,1,0.0,0.0,0.0,0.0,0.0,1,0.0,0.0,0.0,0.0,0.0,1,0.0,0.0,0.0,0.0,0.0,1,195.0379201407141,0.0,195.0379201407141,195.0379201407141,195.0379201407141,1,68.58246848279828,0.0,68.58246848279828,68.58246848279828,68.58246848279828,1,4.829773771252138,0.0,4.829773771252138,4.829773771252138,4.829773771252138,1,62.20851599545629,0.0,62.20851599545629,62.20851599545629,62.20851599545629,1,0.0,0.0,0.0,0.0,0.0,1,0.0034985422740408,0.0,0.0034985422740408,0.0034985422740408,0.0034985422740408,1,1.7053025658242404e-13,0.0,1.7053025658242404e-13,1.7053025658242404e-13,1.7053025658242404e-13,1,0.0,0.0,0.0,0.0,0.0,1,1,1,1
safety,scenario_1,IDM,0.0,30,0.0,vehicle_type_assignment,1,,1,1,0,0,1456.8,0.0,1456.8,1456.8,1456.8,1,1620.0,0.0,1620.0,1620.0,1620.0,1,27.062800000000003,0.0,27.062800000000003,27.062800000000003,27.062800000000003,1,0.0418761599999999,0.0,0.0418761599999999,0.0418761599999999,0.0418761599999999,1,25.0,0.0,25.0,25,25,1,0.0,0.0,0.0,0,0,1,0.0,0.0,0.0,0,0,1,0.0,0.0,0.0,0,0,1,0.0,0.0,0.0,0,0,1,0.0,0.0,0.0,0,0,1,0.0,0.0,0.0,0,0,1,0.0,0.0,0.0,0,0,1,,,,,,0,0.0,0.0,0.0,0,0,1,0.0,0.0,0.0,0,0,1,,,,,,0,0.0,0.0,0.0,0,0,1,0.0,0.0,0.0,0,0,1,0.0,0.0,0.0,0,0,1,0.0,0.0,0.0,0,0,1,,,,,,0,437.0354272299999,0.0,437.0354272299999,437.0354272299999,437.0354272299999,1,153.02983999999995,0.0,153.02983999999995,153.02983999999995,153.02983999999995,1,8.719180000000007,0.0,8.719180000000007,8.719180000000007,8.719180000000007,1,139.39408396000013,0.0,139.39408396000013,139.39408396000013,139.39408396000013,1,434.8839968700002,0.0,434.8839968700002,434.8839968700002,434.8839968700002,1,152.27649999999994,0.0,152.27649999999994,152.27649999999994,152.27649999999994,1,8.676329999999998,0.0,8.676329999999998,8.676329999999998,8.676329999999998,1,138.70787715000012,0.0,138.70787715000012,138.70787715000012,138.70787715000012,1,154.94904024824737,0.0,154.94904024824737,154.94904024824737,154.94904024824737,1,54.25607481670807,0.0,54.25607481670807,54.25607481670807,54.25607481670807,1,3.091347951617444,0.0,3.091347951617444,3.091347951617444,3.091347951617444,1,49.421575872655005,0.0,49.421575872655005,49.421575872655005,49.421575872655005,1,2820.510708100002,0.0,2820.510708100002,2820.510708100002,2820.510708100002,1,2614.8180178000016,0.0,2614.8180178000016,2614.8180178000016,2614.8180178000016,1,17190.400000000005,0.0,17190.400000000005,17190.400000000005,17190.400000000005,1,0.0,0.0,0.0,0,0,1,,,,,,0,,,,,,0,,,,,,0,,,,,,0,0.0,0.0,0.0,0.0,0.0,1,0.0,0.0,0.0,0.0,0.0,1,0.0,0.0,0.0,0.0,0.0,1,0.0,0.0,0.0,0.0,0.0,1,166.3152058420851,0.0,166.3152058420851,166.3152058420851,166.3152058420851,1,58.235983905342295,0.0,58.235983905342295,58.235983905342295,58.235983905342295,1,3.318139136619496,0.0,3.318139136619496,3.318139136619496,3.318139136619496,1,53.046856877138666,0.0,53.046856877138666,53.046856877138666,53.046856877138666,1,6.094782746483554,0.0,6.094782746483554,6.094782746483554,6.094782746483554,1,13.144709897610907,0.0,13.144709897610907,13.144709897610907,13.144709897610907,1,13.399999999999864,0.0,13.399999999999864,13.399999999999864,13.399999999999864,1,0.0,0.0,0.0,0.0,0.0,1,1,1,1
safety,scenario_1,IDM,0.2,30,0.2,vehicle_type_assignment,1,,1,1,0,6,1456.8,0.0,1456.8,1456.8,1456.8,1,1680.0,0.0,1680.0,1680.0,1680.0,1,27.054400000000005,0.0,27.054400000000005,27.054400000000005,27.054400000000005,1,0.02938464,0.0,0.02938464,0.02938464,0.02938464,1,25.0,0.0,25.0,25,25,1,0.0,0.0,0.0,0,0,1,0.0,0.0,0.0,0,0,1,0.0,0.0,0.0,0,0,1,0.0,0.0,0.0,0,0,1,0.0,0.0,0.0,0,0,1,0.0,0.0,0.0,0,0,1,0.0,0.0,0.0,0,0,1,,,,,,0,0.0,0.0,0.0,0,0,1,0.0,0.0,0.0,0,0,1,,,,,,0,0.0,0.0,0.0,0,0,1,0.0,0.0,0.0,0,0,1,0.0,0.0,0.0,0,0,1,0.0,0.0,0.0,0,0,1,,,,,,0,435.7789668200002,0.0,435.7789668200002,435.7789668200002,435.7789668200002,1,150.06749999999994,0.0,150.06749999999994,150.06749999999994,150.06749999999994,1,8.563180000000006,0.0,8.563180000000006,8.563180000000006,8.563180000000006,1,138.99346589000012,0.0,138.99346589000012,138.99346589000012,138.99346589000012,1,433.62646465000006,0.0,433.62646465000006,433.62646465000006,433.62646465000006,1,149.32629999999995,0.0,149.32629999999995,149.32629999999995,149.32629999999995,1,8.520739999999995,0.0,8.520739999999995,8.520739999999995,8.520739999999995,1,138.30691663000005,0.0,138.30691663000005,138.30691663000005,138.30691663000005,1,154.54060969949114,0.0,154.54060969949114,154.54060969949114,154.54060969949114,1,53.21854589567125,0.0,53.21854589567125,53.21854589567125,53.21854589567125,1,3.036766707267694,0.0,3.036766707267694,3.036766707267694,3.036766707267694,1,49.29135318217063,0.0,49.29135318217063,49.29135318217063,49.29135318217063,1,2819.8346549,0.0,2819.8346549,2819.8346549,2819.8346549,1,2614.1937227,0.0,2614.1937227,2614.1937227,2614.1937227,1,18123.44999999999,0.0,18123.44999999999,18123.44999999999,18123.44999999999,1,234.0,0.0,234.0,234,234,1,74.36025641025627,0.0,74.36025641025627,74.36025641025627,74.36025641025627,1,74.39999999999986,0.0,74.39999999999986,74.39999999999986,74.39999999999986,1,74.59999999999991,0.0,74.59999999999991,74.59999999999991,74.59999999999991,1,0.1467654768464135,0.0,0.1467654768464135,0.1467654768464135,0.1467654768464135,1,0.0,0.0,0.0,0.0,0.0,1,0.0,0.0,0.0,0.0,0.0,1,0.0,0.0,0.0,0.0,0.0,1,0.0,0.0,0.0,0.0,0.0,1,165.87388336398442,0.0,165.87388336398442,165.87388336398442,165.87388336398442,1,57.12135971536659,0.0,57.12135971536659,57.12135971536659,57.12135971536659,1,3.259414145941555,0.0,3.259414145941555,3.259414145941555,3.259414145941555,1,52.90614671324108,0.0,52.90614671324108,52.90614671324108,52.90614671324108,1,6.4271321612801104,0.0,6.4271321612801104,6.4271321612801104,6.4271321612801104,1,13.340734415029807,0.0,13.340734415029807,13.340734415029807,13.340734415029807,1,14.199999999999989,0.0,14.199999999999989,14.199999999999989,14.199999999999989,1,0.0,0.0,0.0,0.0,0.0,1,1,1,1
safety,scenario_1,IDM,0.6,30,0.6,vehicle_type_assignment,1,,1,1,0,18,1448.4,0.0,1448.4,1448.4,1448.4,1,1800.0,0.0,1800.0,1800.0,1800.0,1,27.023600000000005,0.0,27.023600000000005,27.023600000000005,27.023600000000005,1,0.01415904,0.0,0.01415904,0.01415904,0.01415904,1,25.0,0.0,25.0,25,25,1,0.0,0.0,0.0,0,0,1,0.0,0.0,0.0,0,0,1,0.0,0.0,0.0,0,0,1,0.0,0.0,0.0,0,0,1,0.0,0.0,0.0,0,0,1,0.0,0.0,0.0,0,0,1,0.0,0.0,0.0,0,0,1,,,,,,0,0.0,0.0,0.0,0,0,1,0.0,0.0,0.0,0,0,1,,,,,,0,0.0,0.0,0.0,0,0,1,0.0,0.0,0.0,0,0,1,0.0,0.0,0.0,0,0,1,0.0,0.0,0.0,0,0,1,,,,,,0,434.8697292400005,0.0,434.8697292400005,434.8697292400005,434.8697292400005,1,145.0008900000001,0.0,145.0008900000001,145.0008900000001,145.0008900000001,1,8.301160000000003,0.0,8.301160000000003,8.301160000000003,8.301160000000003,1,138.70371625,0.0,138.70371625,138.70371625,138.70371625,1,432.7250660000005,0.0,432.7250660000005,432.7250660000005,432.7250660000005,1,144.28552000000005,0.0,144.28552000000005,144.28552000000005,144.28552000000005,1,8.260189999999998,0.0,8.260189999999998,8.260189999999998,8.260189999999998,1,138.0196660800001,0.0,138.0196660800001,138.0196660800001,138.0196660800001,1,154.2451783973469,0.0,154.2451783973469,154.2451783973469,154.2451783973469,1,51.43077717759627,0.0,51.43077717759627,51.43077717759627,51.43077717759627,1,2.9443619985751464,0.0,2.9443619985751464,2.9443619985751464,2.9443619985751464,1,49.197214749221786,0.0,49.197214749221786,49.197214749221786,49.197214749221786,1,2819.3408297,0.0,2819.3408297,2819.3408297,2819.3408297,1,2613.716730000002,0.0,2613.716730000002,2613.716730000002,2613.716730000002,1,18999.240000000016,0.0,18999.240000000016,18999.240000000016,18999.240000000016,1,702.0,0.0,702.0,702,702,1,74.37421652421672,0.0,74.37421652421672,74.37421652421672,74.37421652421672,1,74.39999999999998,0.0,74.39999999999998,74.39999999999998,74.39999999999998,1,74.59999999999991,0.0,74.59999999999991,74.59999999999991,74.59999999999991,1,0.1275638440697248,0.0,0.1275638440697248,0.1275638440697248,0.1275638440697248,1,0.0,0.0,0.0,0.0,0.0,1,0.0,0.0,0.0,0.0,0.0,1,0.0,0.0,0.0,0.0,0.0,1,0.0,0.0,0.0,0.0,0.0,1,165.55928231748362,0.0,165.55928231748362,165.55928231748362,165.55928231748362,1,55.20319717278618,0.0,55.20319717278618,55.20319717278618,55.20319717278618,1,3.160323345368797,0.0,3.160323345368797,3.160323345368797,3.160323345368797,1,52.80590069146475,0.0,52.80590069146475,52.80590069146475,52.80590069146475,1,6.738894354259993,0.0,6.738894354259993,6.738894354259993,6.738894354259993,1,13.714444444444547,0.0,13.714444444444547,13.714444444444547,13.714444444444547,1,14.199999999999989,0.0,14.199999999999989,14.199999999999989,14.199999999999989,1,0.0,0.0,0.0,0.0,0.0,1,1,1,1
safety,scenario_1,IDM,1.0,30,1.0,vehicle_type_assignment,1,,1,1,0,30,1743.6,0.0,1743.6,1743.6,1743.6,1,1770.0,0.0,1770.0,1770.0,1770.0,1,32.42999999999998,0.0,32.42999999999998,32.42999999999998,32.42999999999998,1,4.543838814073028e-28,0.0,4.543838814073028e-28,4.543838814073028e-28,4.543838814073028e-28,1,25.0,0.0,25.0,25,25,1,0.0,0.0,0.0,0,0,1,0.0,0.0,0.0,0,0,1,0.0,0.0,0.0,0,0,1,0.0,0.0,0.0,0,0,1,0.0,0.0,0.0,0,0,1,0.0,0.0,0.0,0,0,1,0.0,0.0,0.0,0,0,1,,,,,,0,0.0,0.0,0.0,0,0,1,0.0,0.0,0.0,0,0,1,,,,,,0,0.0,0.0,0.0,0,0,1,0.0,0.0,0.0,0,0,1,0.0,0.0,0.0,0,0,1,0.0,0.0,0.0,0,0,1,,,,,,0,600.5744190400013,0.0,600.5744190400013,600.5744190400013,600.5744190400013,1,209.1170399999993,0.0,209.1170399999993,209.1170399999993,209.1170399999993,1,14.41777999999995,0.0,14.41777999999995,14.41777999999995,14.41777999999995,1,191.55672158000016,0.0,191.55672158000016,191.55672158000016,191.55672158000016,1,597.611795680001,0.0,597.611795680001,597.611795680001,597.611795680001,1,208.08523999999903,0.0,208.08523999999903,208.08523999999903,208.08523999999903,1,14.347380000000015,0.0,14.347380000000015,14.347380000000015,14.347380000000015,1,190.61177542000007,0.0,190.61177542000007,190.61177542000007,190.61177542000007,1,177.50673529169737,0.0,177.50673529169737,177.50673529169737,177.50673529169737,1,61.80696660972967,0.0,61.80696660972967,61.80696660972967,61.80696660972967,1,4.261342103189814,0.0,4.261342103189814,4.261342103189814,4.261342103189814,1,56.6168108278713,0.0,56.6168108278713,56.6168108278713,56.6168108278713,1,3383.3894699999723,0.0,3383.3894699999723,3383.3894699999723,3383.3894699999723,1,3136.652300999982,0.0,3136.652300999982,3136.652300999982,3136.652300999982,1,2814.580000000009,0.0,2814.580000000009,2814.580000000009,2814.580000000009,1,1440.0,0.0,1440.0,1440,1440,1,61.97583333333335,0.0,61.97583333333335,61.97583333333335,61.97583333333335,1,62.0,0.0,62.0,62.0,62.0,1,62.0,0.0,62.0,62.0,62.0,1,0.0428093317968033,0.0,0.0428093317968033,0.0428093317968033,0.0428093317968033,1,0.0,0.0,0.0,0.0,0.0,1,0.0,0.0,0.0,0.0,0.0,1,0.0,0.0,0.0,0.0,0.0,1,0.0,0.0,0.0,0.0,0.0,1,190.52535580353583,0.0,190.52535580353583,190.52535580353583,190.52535580353583,1,66.33991275783431,0.0,66.33991275783431,66.33991275783431,66.33991275783431,1,4.574105964956968,0.0,4.574105964956968,4.574105964956968,4.574105964956968,1,60.769175901081546,0.0,60.769175901081546,60.769175901081546,60.769175901081546,1,0.8318817638218966,0.0,0.8318817638218966,0.8318817638218966,0.8318817638218966,1,1.6758333333333344,0.0,1.6758333333333344,1.6758333333333344,1.6758333333333344,1,1.6999999999999886,0.0,1.6999999999999886,1.6999999999999886,1.6999999999999886,1,0.0,0.0,0.0,0.0,0.0,1,1,1,1
safety,scenario_1,IDM,0.0,60,0.0,vehicle_type_assignment,1,,1,1,0,0,1814.4,0.0,1814.4,1814.4,1814.4,1,1830.0,0.0,1830.0,1830.0,1830.0,1,26.0196,0.0,26.0196,26.0196,26.0196,1,0.04523584,0.0,0.04523584,0.04523584,0.04523584,1,25.0,0.0,25.0,25,25,1,0.0,0.0,0.0,0,0,1,0.0,0.0,0.0,0,0,1,0.0,0.0,0.0,0,0,1,0.0,0.0,0.0,0,0,1,0.0,0.0,0.0,0,0,1,0.0,0.0,0.0,0,0,1,0.0,0.0,0.0,0,0,1,,,,,,0,0.0,0.0,0.0,0,0,1,0.0,0.0,0.0,0,0,1,,,,,,0,0.0,0.0,0.0,0,0,1,0.0,0.0,0.0,0,0,1,0.0,0.0,0.0,0,0,1,0.0,0.0,0.0,0,0,1,,,,,,0,533.3251828100002,0.0,533.3251828100002,533.3251828100002,533.3251828100002,1,185.26364000000007,0.0,185.26364000000007,185.26364000000007,185.26364000000007,1,10.141269999999986,0.0,10.141269999999986,10.141269999999986,10.141269999999986,1,170.1059931800001,0.0,170.1059931800001,170.1059931800001,170.1059931800001,1,530.69948846,0.0,530.69948846,530.69948846,530.69948846,1,184.3524800000001,0.0,184.3524800000001,184.3524800000001,184.3524800000001,1,10.091410000000003,0.0,10.091410000000003,10.091410000000003,10.091410000000003,1,169.26851844,0.0,169.26851844,169.26851844,169.26851844,1,151.4030848842075,0.0,151.4030848842075,151.4030848842075,151.4030848842075,1,52.59359114656704,0.0,52.59359114656704,52.59359114656704,52.59359114656704,1,2.878955676823282,0.0,2.878955676823282,2.878955676823282,2.878955676823282,1,48.29056072141107,0.0,48.29056072141107,48.29056072141107,48.29056072141107,1,3522.5516257999984,0.0,3522.5516257999984,3522.5516257999984,3522.5516257999984,1,3265.6603933000024,0.0,3265.6603933000024,3265.6603933000024,3265.6603933000024,1,27317.58999999996,0.0,27317.58999999996,27317.58999999996,27317.58999999996,1,0.0,0.0,0.0,0,0,1,,,,,,0,,,,,,0,,,,,,0,,,,,,0,0.0,0.0,0.0,0.0,0.0,1,0.0,0.0,0.0,0.0,0.0,1,0.0,0.0,0.0,0.0,0.0,1,0.0,0.0,0.0,0.0,0.0,1,162.50908684467328,0.0,162.50908684467328,162.50908684467328,162.50908684467328,1,56.451822234249214,0.0,56.451822234249214,56.451822234249214,56.451822234249214,1,3.0901590443097096,0.0,3.0901590443097096,3.0901590443097096,3.0901590443097096,1,51.832860142861165,0.0,51.832860142861165,51.832860142861165,51.832860142861165,1,7.755057385084008,0.0,7.755057385084008,7.755057385084008,7.755057385084008,1,16.19013513513523,0.0,16.19013513513523,16.19013513513523,16.19013513513523,1,16.5,0.0,16.5,16.5,16.5,1,0.0,0.0,0.0,0.0,0.0,1,1,1,1
safety,scenario_1,IDM,0.2,60,0.2,vehicle_type_assignment,1,,1,1,0,12,2092.8,0.0,2092.8,2092.8,2092.8,1,2130.0,0.0,2130.0,2130.0,2130.0,1,27.906800000000008,0.0,27.906800000000008,27.906800000000008,27.906800000000008,1,0.0390857599999999,0.0,0.0390857599999999,0.0390857599999999,0.0390857599999999,1,25.0,0.0,25.0,25,25,1,0.0,0.0,0.0,0,0,1,0.0,0.0,0.0,0,0,1,0.0,0.0,0.0,0,0,1,0.0,0.0,0.0,0,0,1,0.0,0.0,0.0,0,0,1,0.0,0.0,0.0,0,0,1,0.0,0.0,0.0,0,0,1,,,,,,0,0.0,0.0,0.0,0,0,1,0.0,0.0,0.0,0,0,1,,,,,,0,0.0,0.0,0.0,0,0,1,0.0,0.0,0.0,0,0,1,0.0,0.0,0.0,0,0,1,0.0,0.0,0.0,0,0,1,,,,,,0,638.39733739,0.0,638.39733739,638.39733739,638.39733739,1,219.62441999999996,0.0,219.62441999999996,219.62441999999996,219.62441999999996,1,12.925189999999985,0.0,12.925189999999985,12.925189999999985,12.925189999999985,1,203.6195819200002,0.0,203.6195819200002,203.6195819200002,203.6195819200002,1,635.2465708100001,0.0,635.2465708100001,635.2465708100001,635.2465708100001,1,218.54041,0.0,218.54041,218.54041,218.54041,1,12.861409999999989,0.0,12.861409999999989,12.861409999999989,12.861409999999989,1,202.6146313500001,0.0,202.6146313500001,202.6146313500001,202.6146313500001,1,157.1301768155029,0.0,157.1301768155029,157.1301768155029,157.1301768155029,1,54.05665394641231,0.0,54.05665394641231,54.05665394641231,54.05665394641231,1,3.181306172699868,0.0,3.181306172699868,3.181306172699868,3.181306172699868,1,50.117347044388815,0.0,50.117347044388815,50.117347044388815,50.117347044388815,1,4062.8563546999967,0.0,4062.8563546999967,4062.8563546999967,4062.8563546999967,1,3766.5633847,0.0,3766.5633847,3766.5633847,3766.5633847,1,21585.29999999996,0.0,21585.29999999996,21585.29999999996,21585.29999999996,1,442.0,0.0,442.0,442,442,1,72.25814479638034,0.0,72.25814479638034,72.25814479638034,72.25814479638034,1,72.29999999999973,0.0,72.29999999999973,72.29999999999973,72.29999999999973,1,72.5,0.0,72.5,72.5,72.5,1,0.1348342264663098,0.0,0.1348342264663098,0.1348342264663098,0.1348342264663098,1,0.0,0.0,0.0,0.0,0.0,1,0.0,0.0,0.0,0.0,0.0,1,0.0,0.0,0.0,0.0,0.0,1,0.0,0.0,0.0,0.0,0.0,1,168.65415656893197,0.0,168.65415656893197,168.65415656893197,168.65415656893197,1,58.02116881604167,0.0,58.02116881604167,58.02116881604167,58.02116881604167,1,3.4146272573677607,0.0,3.4146272573677607,3.4146272573677607,3.4146272573677607,1,53.79297005143537,0.0,53.79297005143537,53.79297005143537,53.79297005143537,1,5.312838583384726,0.0,5.312838583384726,5.312838583384726,5.312838583384726,1,11.293598103141637,0.0,11.293598103141637,11.293598103141637,11.293598103141637,1,12.10000000000008,0.0,12.10000000000008,12.10000000000008,12.10000000000008,1,0.0,0.0,0.0,0.0,0.0,1,1,1,1
safety,scenario_1,IDM,0.6,60,0.6,vehicle_type_assignment,1,,1,1,0,36,2362.8,0.0,2362.8,2362.8,2362.8,1,2370.0,0.0,2370.0,2370.0,2370.0,1,30.690000000000005,0.0,30.690000000000005,30.690000000000005,30.690000000000005,1,0.0016079999999999,0.0,0.0016079999999999,0.0016079999999999,0.0016079999999999,1,25.0,0.0,25.0,25,25,1,0.0,0.0,0.0,0,0,1,0.0,0.0,0.0,0,0,1,0.0,0.0,0.0,0,0,1,0.0,0.0,0.0,0,0,1,0.0,0.0,0.0,0,0,1,0.0,0.0,0.0,0,0,1,0.0,0.0,0.0,0,0,1,,,,,,0,0.0,0.0,0.0,0,0,1,0.0,0.0,0.0,0,0,1,,,,,,0,0.0,0.0,0.0,0,0,1,0.0,0.0,0.0,0,0,1,0.0,0.0,0.0,0,0,1,0.0,0.0,0.0,0,0,1,,,,,,0,775.0617194700005,0.0,775.0617194700005,775.0617194700005,775.0617194700005,1,267.3232900000001,0.0,267.3232900000001,267.3232900000001,267.3232900000001,1,17.47424000000008,0.0,17.47424000000008,17.47424000000008,17.47424000000008,1,247.2100538199997,0.0,247.2100538199997,247.2100538199997,247.2100538199997,1,771.2406953800004,0.0,771.2406953800004,771.2406953800004,771.2406953800004,1,266.00562,0.0,266.00562,266.00562,266.00562,1,17.38817999999999,0.0,17.38817999999999,17.38817999999999,17.38817999999999,1,245.99131787999968,0.0,245.99131787999968,245.99131787999968,245.99131787999968,1,168.89605380308518,0.0,168.89605380308518,168.89605380308518,168.89605380308518,1,58.253230209243135,0.0,58.253230209243135,58.253230209243135,58.253230209243135,1,3.807864722342633,0.0,3.807864722342633,3.807864722342633,3.807864722342633,1,53.87029381246888,0.0,53.87029381246888,53.87029381246888,53.87029381246888,1,4588.986551300008,0.0,4588.986551300008,4588.986551300008,4588.986551300008,1,4254.316076400001,0.0,4254.316076400001,4254.316076400001,4254.316076400001,1,11578.520000000006,0.0,11578.520000000006,11578.520000000006,11578.520000000006,1,1278.0,0.0,1278.0,1278,1278,1,65.4955399061042,0.0,65.4955399061042,65.4955399061042,65.4955399061042,1,65.5,0.0,65.5,65.5,65.5,1,65.60000000000002,0.0,65.60000000000002,65.60000000000002,65.60000000000002,1,0.061441840285804,0.0,0.061441840285804,0.061441840285804,0.061441840285804,1,0.0,0.0,0.0,0.0,0.0,1,0.0,0.0,0.0,0.0,0.0,1,0.0,0.0,0.0,0.0,0.0,1,0.0,0.0,0.0,0.0,0.0,1,181.284296119489,0.0,181.284296119489,181.284296119489,181.284296119489,1,62.52605947066672,0.0,62.52605947066672,62.52605947066672,62.52605947066672,1,4.087185739784961,0.0,4.087185739784961,4.087185739784961,4.087185739784961,1,57.82158952518576,0.0,57.82158952518576,57.82158952518576,57.82158952518576,1,2.5231104668894577,0.0,2.5231104668894577,2.5231104668894577,2.5231104668894577,1,4.902162447257205,0.0,4.902162447257205,4.902162447257205,4.902162447257205,1,5.299999999999898,0.0,5.299999999999898,5.299999999999898,5.299999999999898,1,0.0,0.0,0.0,0.0,0.0,1,1,1,1
safety,scenario_1,IDM,1.0,60,1.0,vehicle_type_assignment,1,,1,1,0,60,3148.8,0.0,3148.8,3148.8,3148.8,1,3150.0,0.0,3150.0,3150.0,3150.0,1,29.29999999999999,0.0,29.29999999999999,29.29999999999999,29.29999999999999,1,1.135959703518257e-28,0.0,1.135959703518257e-28,1.135959703518257e-28,1.135959703518257e-28,1,25.0,0.0,25.0,25,25,1,0.0,0.0,0.0,0,0,1,0.0,0.0,0.0,0,0,1,0.0,0.0,0.0,0,0,1,0.0,0.0,0.0,0,0,1,0.0,0.0,0.0,0,0,1,0.0,0.0,0.0,0,0,1,0.0,0.0,0.0,0,0,1,,,,,,0,0.0,0.0,0.0,0,0,1,0.0,0.0,0.0,0,0,1,,,,,,0,0.0,0.0,0.0,0,0,1,0.0,0.0,0.0,0,0,1,0.0,0.0,0.0,0,0,1,0.0,0.0,0.0,0,0,1,,,,,,0,1001.357090160002,0.0,1001.357090160002,1001.357090160002,1001.357090160002,1,335.9745599999992,0.0,335.9745599999992,335.9745599999992,335.9745599999992,1,21.130240000000008,0.0,21.130240000000008,21.130240000000008,21.130240000000008,1,319.38818431999994,0.0,319.38818431999994,319.38818431999994,319.38818431999994,1,996.4171564400016,0.0,996.4171564400016,996.4171564400016,996.4171564400016,1,334.31743999999867,0.0,334.31743999999867,334.31743999999867,334.31743999999867,1,21.02463999999992,0.0,21.02463999999992,21.02463999999992,21.02463999999992,1,317.81256619999976,0.0,317.81256619999976,317.81256619999976,317.81256619999976,1,163.79016300352274,0.0,163.79016300352274,163.79016300352274,163.79016300352274,1,54.95474939778359,0.0,54.95474939778359,54.95474939778359,54.95474939778359,1,3.456235031351856,0.0,3.456235031351856,3.456235031351856,3.456235031351856,1,52.24174601171813,0.0,52.24174601171813,52.24174601171813,52.24174601171813,1,6113.6583040000105,0.0,6113.6583040000105,6113.6583040000105,6113.6583040000105,1,5667.779108000016,0.0,5667.779108000016,5667.779108000016,5667.779108000016,1,25212.120000000217,0.0,25212.120000000217,25212.120000000217,25212.120000000217,1,2580.0,0.0,2580.0,2580,2580,1,68.59131782946062,0.0,68.59131782946062,68.59131782946062,68.59131782946062,1,68.59999999999991,0.0,68.59999999999991,68.59999999999991,68.59999999999991,1,68.60000000000036,0.0,68.60000000000036,68.60000000000036,68.60000000000036,1,0.0281573608303796,0.0,0.0281573608303796,0.0281573608303796,0.0281573608303796,1,0.0,0.0,0.0,0.0,0.0,1,0.0,0.0,0.0,0.0,0.0,1,0.0,0.0,0.0,0.0,0.0,1,0.0,0.0,0.0,0.0,0.0,1,175.80380912050157,0.0,175.80380912050157,175.80380912050157,175.80380912050157,1,58.98561564054477,0.0,58.98561564054477,58.98561564054477,58.98561564054477,1,3.7095023640430576,0.0,3.7095023640430576,3.7095023640430576,3.7095023640430576,1,56.07356252670651,0.0,56.07356252670651,56.07356252670651,56.07356252670651,1,4.123900739350214,0.0,4.123900739350214,4.123900739350214,4.123900739350214,1,8.291317829456927,0.0,8.291317829456927,8.291317829456927,8.291317829456927,1,8.300000000000352,0.0,8.300000000000352,8.300000000000352,8.300000000000352,1,0.0,0.0,0.0,0.0,0.0,1,1,1,1
safety,scenario_1,IDM,0.0,120,0.0,vehicle_type_assignment,1,,1,1,0,0,1825.2,0.0,1825.2,1825.2,1825.2,1,1830.0,0.0,1830.0,1830.0,1830.0,1,26.8992,0.0,26.8992,26.8992,26.8992,1,0.0424553600000001,0.0,0.0424553600000001,0.0424553600000001,0.0424553600000001,1,25.0,0.0,25.0,25,25,1,0.0,0.0,0.0,0,0,1,0.0,0.0,0.0,0,0,1,0.0,0.0,0.0,0,0,1,0.0,0.0,0.0,0,0,1,0.0,0.0,0.0,0,0,1,0.0,0.0,0.0,0,0,1,0.0,0.0,0.0,0,0,1,,,,,,0,0.0,0.0,0.0,0,0,1,0.0,0.0,0.0,0,0,1,,,,,,0,0.0,0.0,0.0,0,0,1,0.0,0.0,0.0,0,0,1,0.0,0.0,0.0,0,0,1,0.0,0.0,0.0,0,0,1,,,,,,0,545.5856393599998,0.0,545.5856393599998,545.5856393599998,545.5856393599998,1,190.19657000000004,0.0,190.19657000000004,190.19657000000004,190.19657000000004,1,10.754489999999992,0.0,10.754489999999992,10.754489999999992,10.754489999999992,1,174.01659311999998,0.0,174.01659311999998,174.01659311999998,174.01659311999998,1,542.8862586800002,0.0,542.8862586800002,542.8862586800002,542.8862586800002,1,189.2547600000001,0.0,189.2547600000001,189.2547600000001,189.2547600000001,1,10.70124,0.0,10.70124,10.70124,10.70124,1,173.15561555999994,0.0,173.15561555999994,173.15561555999994,173.15561555999994,1,153.94513812426158,0.0,153.94513812426158,153.94513812426158,153.94513812426158,1,53.666803389029006,0.0,53.666803389029006,53.666803389029006,53.666803389029006,1,3.034540004476832,0.0,3.034540004476832,3.034540004476832,3.034540004476832,1,49.10138121523271,0.0,49.10138121523271,49.10138121523271,49.10138121523271,1,3544.026437000001,0.0,3544.026437000001,3544.026437000001,3544.026437000001,1,3285.5703422999995,0.0,3285.5703422999995,3285.5703422999995,3285.5703422999995,1,22594.33,0.0,22594.33,22594.33,22594.33,1,0.0,0.0,0.0,0,0,1,,,,,,0,,,,,,0,,,,,,0,,,,,,0,0.0,0.0,0.0,0.0,0.0,1,0.0,0.0,0.0,0.0,0.0,1,0.0,0.0,0.0,0.0,0.0,1,0.0,0.0,0.0,0.0,0.0,1,165.23349133349043,0.0,165.23349133349043,165.23349133349043,165.23349133349043,1,57.60179825202463,0.0,57.60179825202463,57.60179825202463,57.60179825202463,1,3.257041817740784,0.0,3.257041817740784,3.257041817740784,3.257041817740784,1,52.70184397841433,0.0,52.70184397841433,52.70184397841433,52.70184397841433,1,6.375327724452862,0.0,6.375327724452862,6.375327724452862,6.375327724452862,1,13.74609164420483,0.0,13.74609164420483,13.74609164420483,13.74609164420483,1,14.0,0.0,14.0,14.0,14.0,1,0.0,0.0,0.0,0.0,0.0,1,1,1,1
safety,scenario_1,IDM,0.2,120,0.2,vehicle_type_assignment,1,,1,1,0,24,2036.4,0.0,2036.4,2036.4,2036.4,1,2130.0,0.0,2130.0,2130.0,2130.0,1,25.7372,0.0,25.7372,25.7372,25.7372,1,0.0991961599999996,0.0,0.0991961599999996,0.0991961599999996,0.0991961599999996,1,25.0,0.0,25.0,25,25,1,0.0,0.0,0.0,0,0,1,0.0,0.0,0.0,0,0,1,0.0,0.0,0.0,0,0,1,0.0,0.0,0.0,0,0,1,0.0,0.0,0.0,0,0,1,0.0,0.0,0.0,0,0,1,0.0,0.0,0.0,0,0,1,,,,,,0,0.0,0.0,0.0,0,0,1,0.0,0.0,0.0,0,0,1,,,,,,0,0.0,0.0,0.0,0,0,1,0.0,0.0,0.0,0,0,1,0.0,0.0,0.0,0,0,1,0.0,0.0,0.0,0,0,1,,,,,,0,591.8122496699997,0.0,591.8122496699997,591.8122496699997,591.8122496699997,1,201.19054999999975,0.0,201.19054999999975,201.19054999999975,201.19054999999975,1,10.848969999999984,0.0,10.848969999999984,10.848969999999984,10.848969999999984,1,188.76083326999984,0.0,188.76083326999984,188.76083326999984,188.76083326999984,1,588.88455697,0.0,588.88455697,588.88455697,588.88455697,1,200.19431,0.0,200.19431,200.19431,200.19431,1,10.795159999999992,0.0,10.795159999999992,10.795159999999992,10.795159999999992,1,187.82703422999995,0.0,187.82703422999995,187.82703422999995,187.82703422999995,1,149.8754836715371,0.0,149.8754836715371,149.8754836715371,149.8754836715371,1,50.95117751990845,0.0,50.95117751990845,50.95117751990845,50.95117751990845,1,2.74748389712221,0.0,2.74748389712221,2.74748389712221,2.74748389712221,1,47.80337210045708,0.0,47.80337210045708,47.80337210045708,47.80337210045708,1,3948.692842700003,0.0,3948.692842700003,3948.692842700003,3948.692842700003,1,3660.7084004000026,0.0,3660.7084004000026,3660.7084004000026,3660.7084004000026,1,32548.15000000003,0.0,32548.15000000003,32548.15000000003,32548.15000000003,1,344.0,0.0,344.0,344,344,1,78.39418604651182,0.0,78.39418604651182,78.39418604651182,78.39418604651182,1,78.19999999999987,0.0,78.19999999999987,78.19999999999987,78.19999999999987,1,79.20000000000027,0.0,79.20000000000027,79.20000000000027,79.20000000000027,1,0.4707378303488853,0.0,0.4707378303488853,0.4707378303488853,0.4707378303488853,1,0.0,0.0,0.0,0.0,0.0,1,0.0,0.0,0.0,0.0,0.0,1,0.0,0.0,0.0,0.0,0.0,1,0.0,0.0,0.0,0.0,0.0,1,160.86628394265247,0.0,160.86628394265247,160.86628394265247,160.86628394265247,1,54.68731406689616,0.0,54.68731406689616,54.68731406689616,54.68731406689616,1,2.94892649707374,0.0,2.94892649707374,2.94892649707374,2.94892649707374,1,51.30893086416724,0.0,51.30893086416724,51.30893086416724,51.30893086416724,1,8.242765719337273,0.0,8.242765719337273,8.242765719337273,8.242765719337273,1,17.36816816816823,0.0,17.36816816816823,17.36816816816823,17.36816816816823,1,18.60000000000008,0.0,18.60000000000008,18.60000000000008,18.60000000000008,1,0.0,0.0,0.0,0.0,0.0,1,1,1,1
safety,scenario_1,IDM,0.6,120,0.6,vehicle_type_assignment,1,,1,1,0,72,2679.6,0.0,2679.6,2679.6,2679.6,1,2730.0,0.0,2730.0,2730.0,2730.0,1,27.6968,0.0,27.6968,27.6968,27.6968,1,0.0062297599999999,0.0,0.0062297599999999,0.0062297599999999,0.0062297599999999,1,25.0,0.0,25.0,25,25,1,0.0,0.0,0.0,0,0,1,0.0,0.0,0.0,0,0,1,0.0,0.0,0.0,0,0,1,0.0,0.0,0.0,0,0,1,0.0,0.0,0.0,0,0,1,0.0,0.0,0.0,0,0,1,0.0,0.0,0.0,0,0,1,,,,,,0,0.0,0.0,0.0,0,0,1,0.0,0.0,0.0,0,0,1,,,,,,0,0.0,0.0,0.0,0,0,1,0.0,0.0,0.0,0,0,1,0.0,0.0,0.0,0,0,1,0.0,0.0,0.0,0,0,1,,,,,,0,815.5230961100008,0.0,815.5230961100008,815.5230961100008,815.5230961100008,1,272.66389000000004,0.0,272.66389000000004,272.66389000000004,272.66389000000004,1,16.064549999999972,0.0,16.064549999999972,16.064549999999972,16.064549999999972,1,260.1150124300002,0.0,260.1150124300002,260.1150124300002,260.1150124300002,1,811.5003129600002,0.0,811.5003129600002,811.5003129600002,811.5003129600002,1,271.31903999999986,0.0,271.31903999999986,271.31903999999986,271.31903999999986,1,15.985289999999988,0.0,15.985289999999988,15.985289999999988,15.985289999999988,1,258.8319263600001,0.0,258.8319263600001,258.8319263600001,258.8319263600001,1,156.79163787189125,0.0,156.79163787189125,156.79163787189125,156.79163787189125,1,52.422081122586285,0.0,52.422081122586285,52.422081122586285,52.422081122586285,1,3.088553982332761,0.0,3.088553982332761,3.088553982332761,3.088553982332761,1,50.0094467324148,0.0,50.0094467324148,50.0094467324148,50.0094467324148,1,5201.317539500003,0.0,5201.317539500003,5201.317539500003,5201.317539500003,1,4821.993943899998,0.0,4821.993943899998,4821.993943899998,4821.993943899998,1,29832.449999999997,0.0,29832.449999999997,29832.449999999997,29832.449999999997,1,1442.0,0.0,1442.0,1442,1442,1,72.56705963939008,0.0,72.56705963939008,72.56705963939008,72.56705963939008,1,72.59999999999991,0.0,72.59999999999991,72.59999999999991,72.59999999999991,1,72.70000000000027,0.0,72.70000000000027,72.70000000000027,72.70000000000027,1,0.1047595916019322,0.0,0.1047595916019322,0.1047595916019322,0.1047595916019322,1,0.0,0.0,0.0,0.0,0.0,1,0.0,0.0,0.0,0.0,0.0,1,0.0,0.0,0.0,0.0,0.0,1,0.0,0.0,0.0,0.0,0.0,1,168.29144175649128,0.0,168.29144175649128,168.29144175649128,168.29144175649128,1,56.26698066330601,0.0,56.26698066330601,56.26698066330601,56.26698066330601,1,3.315078821329084,0.0,3.315078821329084,3.315078821329084,3.315078821329084,1,53.67736446194259,0.0,53.67736446194259,53.67736446194259,53.67736446194259,1,5.735556380368148,0.0,5.735556380368148,5.735556380368148,5.735556380368148,1,11.967252543940909,0.0,11.967252543940909,11.967252543940909,11.967252543940909,1,12.400000000000034,0.0,12.400000000000034,12.400000000000034,12.400000000000034,1,0.0,0.0,0.0,0.0,0.0,1,1,1,1
safety,scenario_1,IDM,1.0,120,1.0,vehicle_type_assignment,1,,1,1,0,120,3290.4,0.0,3290.4,3290.4,3290.4,1,3300.0,0.0,3300.0,3300.0,3300.0,1,28.70000000000001,0.0,28.70000000000001,28.70000000000001,28.70000000000001,1,1.135959703518257e-28,0.0,1.135959703518257e-28,1.135959703518257e-28,1.135959703518257e-28,1,25.0,0.0,25.0,25,25,1,0.0,0.0,0.0,0,0,1,0.0,0.0,0.0,0,0,1,0.0,0.0,0.0,0,0,1,0.0,0.0,0.0,0,0,1,0.0,0.0,0.0,0,0,1,0.0,0.0,0.0,0,0,1,0.0,0.0,0.0,0,0,1,,,,,,0,0.0,0.0,0.0,0,0,1,0.0,0.0,0.0,0,0,1,,,,,,0,0.0,0.0,0.0,0,0,1,0.0,0.0,0.0,0,0,1,0.0,0.0,0.0,0,0,1,0.0,0.0,0.0,0,0,1,,,,,,0,1030.3577702399966,0.0,1030.3577702399966,1030.3577702399966,1030.3577702399966,1,343.07839999999914,0.0,343.07839999999914,343.07839999999914,343.07839999999914,1,21.1104,0.0,21.1104,21.1104,21.1104,1,328.6380175999997,0.0,328.6380175999997,328.6380175999997,328.6380175999997,1,1025.2735721600002,0.0,1025.2735721600002,1025.2735721600002,1025.2735721600002,1,341.38464000000045,0.0,341.38464000000045,341.38464000000045,341.38464000000045,1,21.004799999999904,0.0,21.004799999999904,21.004799999999904,21.004799999999904,1,327.0163862400002,0.0,327.0163862400002,327.0163862400002,327.0163862400002,1,161.2984960923732,0.0,161.2984960923732,161.2984960923732,161.2984960923732,1,53.707587364423794,0.0,53.707587364423794,53.707587364423794,53.707587364423794,1,3.3047509032860565,0.0,3.3047509032860565,3.3047509032860565,3.3047509032860565,1,51.44700173931986,0.0,51.44700173931986,51.44700173931986,51.44700173931986,1,6387.894464000001,0.0,6387.894464000001,6387.894464000001,6387.894464000001,1,5921.953408000008,0.0,5921.953408000008,5921.953408000008,5921.953408000008,1,30925.76000000012,0.0,30925.76000000012,30925.76000000012,30925.76000000012,1,2688.0,0.0,2688.0,2688,2688,1,70.03571428571637,0.0,70.03571428571637,70.03571428571637,70.03571428571637,1,70.0,0.0,70.0,70.0,70.0,1,70.10000000000014,0.0,70.10000000000014,70.10000000000014,70.10000000000014,1,0.0479157423749935,0.0,0.0479157423749935,0.0479157423749935,0.0479157423749935,1,0.0,0.0,0.0,0.0,0.0,1,0.0,0.0,0.0,0.0,0.0,1,0.0,0.0,0.0,0.0,0.0,1,0.0,0.0,0.0,0.0,0.0,1,173.1309757984504,0.0,173.1309757984504,173.1309757984504,173.1309757984504,1,57.64730258411381,0.0,57.64730258411381,57.64730258411381,57.64730258411381,1,3.546937733691788,0.0,3.546937733691788,3.546937733691788,3.546937733691788,1,55.22103328240164,0.0,55.22103328240164,55.22103328240164,55.22103328240164,1,4.841307284315227,0.0,4.841307284315227,4.841307284315227,4.841307284315227,1,9.735714285714224,0.0,9.735714285714224,9.735714285714224,9.735714285714224,1,9.800000000000123,0.0,9.800000000000123,9.800000000000123,9.800000000000123,1,0.0,0.0,0.0,0.0,0.0,1,1,1,1
safety,scenario_2,CACC,0.2,30,0.2,vehicle_type_assignment,1,,1,1,0,6,1620.0,0.0,1620.0,1620.0,1620.0,1,1800.0,0.0,1800.0,1800.0,1800.0,1,30.371060312603287,0.0,30.371060312603287,30.371060312603287,30.371060312603287,1,2.157774739706129,0.0,2.157774739706129,2.157774739706129,2.157774739706129,1,25.0,0.0,25.0,25,25,1,0.0,0.0,0.0,0,0,1,0.0,0.0,0.0,0,0,1,0.0,0.0,0.0,0,0,1,0.0,0.0,0.0,0,0,1,0.0,0.0,0.0,0,0,1,0.0,0.0,0.0,0,0,1,0.0,0.0,0.0,0,0,1,,,,,,0,0.0,0.0,0.0,0,0,1,0.0,0.0,0.0,0,0,1,,,,,,0,0.0,0.0,0.0,0,0,1,0.0,0.0,0.0,0,0,1,253.0,0.0,253.0,253,253,1,0.0,0.0,0.0,0,0,1,0.0,0.0,0.0,0.0,0.0,1,542.7148381400003,0.0,542.7148381400003,542.7148381400003,542.7148381400003,1,195.5675000000001,0.0,195.5675000000001,195.5675000000001,195.5675000000001,1,12.404389999999992,0.0,12.404389999999992,12.404389999999992,12.404389999999992,1,173.10123894999984,0.0,173.10123894999984,173.10123894999984,173.10123894999984,1,537.2863790400003,0.0,537.2863790400003,537.2863790400003,537.2863790400003,1,193.6102200000001,0.0,193.6102200000001,193.6102200000001,193.6102200000001,1,12.28022,0.0,12.28022,12.28022,12.28022,1,171.36980855999994,0.0,171.36980855999994,171.36980855999994,171.36980855999994,1,172.13856381560942,0.0,172.13856381560942,172.13856381560942,172.13856381560942,1,62.03019746868421,0.0,62.03019746868421,62.03019746868421,62.03019746868421,1,3.934430624610791,0.0,3.934430624610791,3.934430624610791,3.934430624610791,1,54.90433755170147,0.0,54.90433755170147,54.90433755170147,54.90433755170147,1,3152.7789363999987,0.0,3152.7789363999987,3152.7789363999987,3152.7789363999987,1,2910.097388299999,0.0,2910.097388299999,2910.097388299999,2910.097388299999,1,7982.779999999998,0.0,7982.779999999998,7982.779999999998,7982.779999999998,1,264.0,0.0,264.0,264,264,1,67.08712121212127,0.0,67.08712121212127,67.08712121212127,67.08712121212127,1,65.70000000000027,0.0,65.70000000000027,65.70000000000027,65.70000000000027,1,74.0,0.0,74.0,74.0,74.0,1,4.706465657508573,0.0,4.706465657508573,4.706465657508573,4.706465657508573,1,0.0,0.0,0.0,0.0,0.0,1,0.0,0.0,0.0,0.0,0.0,1,0.0,0.0,0.0,0.0,0.0,1,80.24666654519334,0.0,80.24666654519334,80.24666654519334,80.24666654519334,1,184.6283156021348,0.0,184.6283156021348,184.6283156021348,184.6283156021348,1,66.5304950887235,0.0,66.5304950887235,66.5304950887235,66.5304950887235,1,4.219865647580192,0.0,4.219865647580192,4.219865647580192,4.219865647580192,1,58.887997786256086,0.0,58.887997786256086,58.887997786256086,58.887997786256086,1,2.531982153215961,0.0,2.531982153215961,2.531982153215961,2.531982153215961,1,5.4495836487509655,0.0,5.4495836487509655,5.4495836487509655,5.4495836487509655,1,13.199999999999818,0.0,13.199999999999818,13.199999999999818,13.199999999999818,1,0.0,0.0,0.0,0.0,0.0,1,1,1,1
safety,scenario_2,CACC,0.6,30,0.6,vehicle_type_assignment,1,,1,1,0,18,1440.0,0.0,1440.0,1440.0,1440.0,1,1800.0,0.0,1800.0,1800.0,1800.0,1,27.08838252502439,0.0,27.08838252502439,27.08838252502439,27.08838252502439,1,0.0896166427374935,0.0,0.0896166427374935,0.0896166427374935,0.0896166427374935,1,25.0,0.0,25.0,25,25,1,0.0,0.0,0.0,0,0,1,0.0,0.0,0.0,0,0,1,0.0,0.0,0.0,0,0,1,0.0,0.0,0.0,0,0,1,0.0,0.0,0.0,0,0,1,0.0,0.0,0.0,0,0,1,0.0,0.0,0.0,0,0,1,,,,,,0,0.0,0.0,0.0,0,0,1,0.0,0.0,0.0,0,0,1,,,,,,0,0.0,0.0,0.0,0,0,1,0.0,0.0,0.0,0,0,1,54.0,0.0,54.0,54,54,1,0.0,0.0,0.0,0,0,1,0.0,0.0,0.0,0.0,0.0,1,485.7885037499997,0.0,485.7885037499997,485.7885037499997,485.7885037499997,1,175.39569999999995,0.0,175.39569999999995,175.39569999999995,175.39569999999995,1,9.97028000000001,0.0,9.97028000000001,9.97028000000001,9.97028000000001,1,154.94377994999996,0.0,154.94377994999996,154.94377994999996,154.94377994999996,1,480.9565164499997,0.0,480.9565164499997,480.9565164499997,480.9565164499997,1,173.65269999999998,0.0,173.65269999999998,173.65269999999998,173.65269999999998,1,9.87118,0.0,9.87118,9.87118,9.87118,1,153.4026022000001,0.0,153.4026022000001,153.4026022000001,153.4026022000001,1,172.32890359613538,0.0,172.32890359613538,172.32890359613538,172.32890359613538,1,62.21997524262469,0.0,62.21997524262469,62.21997524262469,62.21997524262469,1,3.5368630745339646,0.0,3.5368630745339646,3.5368630745339646,3.5368630745339646,1,54.96484892439033,0.0,54.96484892439033,54.96484892439033,54.96484892439033,1,2818.961263099998,0.0,2818.961263099998,2818.961263099998,2818.961263099998,1,2601.9581032999977,0.0,2601.9581032999977,2601.9581032999977,2601.9581032999977,1,18935.26,0.0,18935.26,18935.26,18935.26,1,702.0,0.0,702.0,702,702,1,74.70968660968717,0.0,74.70968660968717,74.70968660968717,74.70968660968717,1,74.70000000000027,0.0,74.70000000000027,74.70000000000027,74.70000000000027,1,75.89999999999986,0.0,75.89999999999986,75.89999999999986,75.89999999999986,1,0.902524262408861,0.0,0.902524262408861,0.902524262408861,0.902524262408861,1,0.0,0.0,0.0,0.0,0.0,1,0.0,0.0,0.0,0.0,0.0,1,0.0,0.0,0.0,0.0,0.0,1,19.15599221133548,0.0,19.15599221133548,19.15599221133548,19.15599221133548,1,184.84406641291213,0.0,184.84406641291213,184.84406641291213,184.84406641291213,1,66.73923756872205,0.0,66.73923756872205,66.73923756872205,66.73923756872205,1,3.7937505555837463,0.0,3.7937505555837463,3.7937505555837463,3.7937505555837463,1,58.956599649104064,0.0,58.956599649104064,58.956599649104064,58.956599649104064,1,6.717105427400226,0.0,6.717105427400226,6.717105427400226,6.717105427400226,1,13.74435897435902,0.0,13.74435897435902,13.74435897435902,13.74435897435902,1,15.200000000000273,0.0,15.200000000000273,15.200000000000273,15.200000000000273,1,0.0,0.0,0.0,0.0,0.0,1,1,1,1
safety,scenario_2,CACC,1.0,30,1.0,vehicle_type_assignment,1,,1,1,0,30,1782.0,0.0,1782.0,1782.0,1782.0,1,1800.0,0.0,1800.0,1800.0,1800.0,1,33.33000000000001,0.0,33.33000000000001,33.33000000000001,33.33000000000001,1,2.0194839173657902e-28,0.0,2.0194839173657902e-28,2.0194839173657902e-28,2.0194839173657902e-28,1,25.0,0.0,25.0,25,25,1,0.0,0.0,0.0,0,0,1,0.0,0.0,0.0,0,0,1,0.0,0.0,0.0,0,0,1,0.0,0.0,0.0,0,0,1,0.0,0.0,0.0,0,0,1,0.0,0.0,0.0,0,0,1,0.0,0.0,0.0,0,0,1,,,,,,0,0.0,0.0,0.0,0,0,1,0.0,0.0,0.0,0,0,1,,,,,,0,0.0,0.0,0.0,0,0,1,0.0,0.0,0.0,0,0,1,0.0,0.0,0.0,0,0,1,0.0,0.0,0.0,0,0,1,,,,,,0,631.8535468999992,0.0,631.8535468999992,631.8535468999992,631.8535468999992,1,222.18223999999972,0.0,222.18223999999972,222.18223999999972,222.18223999999972,1,15.646779999999913,0.0,15.646779999999913,15.646779999999913,15.646779999999913,1,201.53348365999983,0.0,201.53348365999983,201.53348365999983,201.53348365999983,1,625.5496351799999,0.0,625.5496351799999,625.5496351799999,625.5496351799999,1,219.9659399999995,0.0,219.9659399999995,219.9659399999995,219.9659399999995,1,15.489979999999967,0.0,15.489979999999967,15.489979999999967,15.489979999999967,1,199.5228132000001,0.0,199.5228132000001,199.5228132000001,199.5228132000001,1,181.8362525019284,0.0,181.8362525019284,181.8362525019284,181.8362525019284,1,63.94011095181534,0.0,63.94011095181534,63.94011095181534,63.94011095181534,1,4.502865977220505,0.0,4.502865977220505,4.502865977220505,4.502865977220505,1,57.99776483361708,0.0,57.99776483361708,57.99776483361708,57.99776483361708,1,3474.849146999982,0.0,3474.849146999982,3474.849146999982,3474.849146999982,1,3207.3265685999804,0.0,3207.3265685999804,3207.3265685999804,3207.3265685999804,1,0.0,0.0,0.0,0.0,0.0,1,1470.0,0.0,1470.0,1470,1470,1,60.610748299319575,0.0,60.610748299319575,60.610748299319575,60.610748299319575,1,60.59999999999991,0.0,60.59999999999991,60.59999999999991,60.59999999999991,1,60.700000000000045,0.0,60.700000000000045,60.700000000000045,60.700000000000045,1,0.0309726329798902,0.0,0.0309726329798902,0.0309726329798902,0.0309726329798902,1,0.0,0.0,0.0,0.0,0.0,1,0.0,0.0,0.0,0.0,0.0,1,0.0,0.0,0.0,0.0,0.0,1,0.0,0.0,0.0,0.0,0.0,1,195.0377118763608,0.0,195.0377118763608,195.0377118763608,195.0377118763608,1,68.58233338428525,0.0,68.58233338428525,68.58233338428525,68.58233338428525,1,4.8295612151404494,0.0,4.8295612151404494,4.8295612151404494,4.8295612151404494,1,62.208449602028864,0.0,62.208449602028864,62.208449602028864,62.208449602028864,1,0.0,0.0,0.0,0.0,0.0,1,0.0107482993198192,0.0,0.0107482993198192,0.0107482993198192,0.0107482993198192,1,0.1000000000001364,0.0,0.1000000000001364,0.1000000000001364,0.1000000000001364,1,0.0,0.0,0.0,0.0,0.0,1,1,1,1
safety,scenario_2,CACC,0.2,60,0.2,vehicle_type_assignment,1,,1,1,0,12,3054.0,0.0,3054.0,3054.0,3054.0,1,3330.0,0.0,3330.0,3330.0,3330.0,1,28.719330335512964,0.0,28.719330335512964,28.719330335512964,28.719330335512964,1,0.9074878633945964,0.0,0.9074878633945964,0.9074878633945964,0.9074878633945964,1,25.0,0.0,25.0,25,25,1,0.0,0.0,0.0,0,0,1,0.0,0.0,0.0,0,0,1,0.0,0.0,0.0,0,0,1,0.0,0.0,0.0,0,0,1,0.0,0.0,0.0,0,0,1,0.0,0.0,0.0,0,0,1,0.0,0.0,0.0,0,0,1,,,,,,0,0.0,0.0,0.0,0,0,1,0.0,0.0,0.0,0,0,1,,,,,,0,0.0,0.0,0.0,0,0,1,0.0,0.0,0.0,0,0,1,214.0,0.0,214.0,214,214,1,0.0,0.0,0.0,0,0,1,0.0,0.0,0.0,0.0,0.0,1,999.3462571900004,0.0,999.3462571900004,999.3462571900004,999.3462571900004,1,358.2685399999998,0.0,358.2685399999998,358.2685399999998,358.2685399999998,1,21.617429999999985,0.0,21.617429999999985,21.617429999999985,21.617429999999985,1,318.74536843000027,0.0,318.74536843000027,318.74536843000027,318.74536843000027,1,989.3686914899996,0.0,989.3686914899996,989.3686914899996,989.3686914899996,1,354.69015999999993,0.0,354.69015999999993,354.69015999999993,354.69015999999993,1,21.401509999999988,0.0,21.401509999999988,21.401509999999988,21.401509999999988,1,315.5629853000001,0.0,315.5629853000001,315.5629853000001,315.5629853000001,1,167.88062717559694,0.0,167.88062717559694,167.88062717559694,167.88062717559694,1,60.1856931566514,0.0,60.1856931566514,60.1856931566514,60.1856931566514,1,3.6315217875825514,0.0,3.6315217875825514,3.6315217875825514,3.6315217875825514,1,53.54617779007837,0.0,53.54617779007837,53.54617779007837,53.54617779007837,1,5952.719345899996,0.0,5952.719345899996,5952.719345899996,5952.719345899996,1,5494.496701999998,0.0,5494.496701999998,5494.496701999998,5494.496701999998,1,25358.210000000043,0.0,25358.210000000043,25358.210000000043,25358.210000000043,1,499.0,0.0,499.0,499,499,1,69.83446893787568,0.0,69.83446893787568,69.83446893787568,69.83446893787568,1,69.80000000000018,0.0,69.80000000000018,69.80000000000018,69.80000000000018,1,77.59999999999991,0.0,77.59999999999991,77.59999999999991,77.59999999999991,1,5.21029256046802,0.0,5.21029256046802,5.21029256046802,5.21029256046802,1,0.0,0.0,0.0,0.0,0.0,1,0.0,0.0,0.0,0.0,0.0,1,0.0,0.0,0.0,0.0,0.0,1,35.94995624099009,0.0,35.94995624099009,35.94995624099009,35.94995624099009,1,180.06538999829945,0.0,180.06538999829945,180.06538999829945,180.06538999829945,1,64.55371242117457,0.0,64.55371242117457,64.55371242117457,64.55371242117457,1,3.8950810530489233,0.0,3.8950810530489233,3.8950810530489233,3.8950810530489233,1,57.4325552302425,0.0,57.4325552302425,57.4325552302425,57.4325552302425,1,4.25993710210205,0.0,4.25993710210205,4.25993710210205,4.25993710210205,1,9.391265669227655,0.0,9.391265669227655,9.391265669227655,9.391265669227655,1,16.199999999999818,0.0,16.199999999999818,16.199999999999818,16.199999999999818,1,0.0,0.0,0.0,0.0,0.0,1,1,1,1
safety,scenario_2,CACC,0.6,60,0.6,vehicle_type_assignment,1,,1,1,0,36,2896.8,0.0,2896.8,2896.8,2896.8,1,3570.0,0.0,3570.0,3570.0,3570.0,1,27.17498947887887,0.0,27.17498947887887,27.17498947887887,27.17498947887887,1,0.2310007545821706,0.0,0.2310007545821706,0.2310007545821706,0.2310007545821706,1,25.0,0.0,25.0,25,25,1,0.0,0.0,0.0,0,0,1,0.0,0.0,0.0,0,0,1,0.0,0.0,0.0,0,0,1,0.0,0.0,0.0,0,0,1,0.0,0.0,0.0,0,0,1,0.0,0.0,0.0,0,0,1,0.0,0.0,0.0,0,0,1,,,,,,0,0.0,0.0,0.0,0,0,1,0.0,0.0,0.0,0,0,1,,,,,,0,0.0,0.0,0.0,0,0,1,0.0,0.0,0.0,0,0,1,92.0,0.0,92.0,92,92,1,0.0,0.0,0.0,0,0,1,0.0,0.0,0.0,0.0,0.0,1,921.7915221000006,0.0,921.7915221000006,921.7915221000006,921.7915221000006,1,324.4729599999999,0.0,324.4729599999999,324.4729599999999,324.4729599999999,1,18.50963000000002,0.0,18.50963000000002,18.50963000000002,18.50963000000002,1,294.0087829799999,0.0,294.0087829799999,294.0087829799999,294.0087829799999,1,912.61094031,0.0,912.61094031,912.61094031,912.61094031,1,321.24366999999995,0.0,321.24366999999995,321.24366999999995,321.24366999999995,1,18.32548000000001,0.0,18.32548000000001,18.32548000000001,18.32548000000001,1,291.08060261,0.0,291.08060261,291.08060261,291.08060261,1,163.49510339307687,0.0,163.49510339307687,163.49510339307687,163.49510339307687,1,57.550692181027216,0.0,57.550692181027216,57.550692181027216,57.550692181027216,1,3.28299165056684,0.0,3.28299165056684,3.28299165056684,3.28299165056684,1,52.14736219560611,0.0,52.14736219560611,52.14736219560611,52.14736219560611,1,5638.037488399995,0.0,5638.037488399995,5638.037488399995,5638.037488399995,1,5203.998887799998,0.0,5203.998887799998,5203.998887799998,5203.998887799998,1,37747.07999999995,0.0,37747.07999999995,37747.07999999995,37747.07999999995,1,1402.0,0.0,1402.0,1402,1402,1,74.77689015691816,0.0,74.77689015691816,74.77689015691816,74.77689015691816,1,74.70000000000005,0.0,74.70000000000005,74.70000000000005,74.70000000000005,1,77.0,0.0,77.0,77.0,77.0,1,1.1978616352513114,0.0,1.1978616352513114,1.1978616352513114,1.1978616352513114,1,0.0,0.0,0.0,0.0,0.0,1,0.0,0.0,0.0,0.0,0.0,1,0.0,0.0,0.0,0.0,0.0,1,16.317734706320383,0.0,16.317734706320383,16.317734706320383,16.317734706320383,1,175.36724353448284,0.0,175.36724353448284,175.36724353448284,175.36724353448284,1,61.730157312890285,0.0,61.730157312890285,61.730157312890285,61.730157312890285,1,3.521422735689159,0.0,3.521422735689159,3.521422735689159,3.521422735689159,1,55.93402475400123,0.0,55.93402475400123,55.93402475400123,55.93402475400123,1,6.695074319328818,0.0,6.695074319328818,6.695074319328818,6.695074319328818,1,13.754576561163269,0.0,13.754576561163269,13.754576561163269,13.754576561163269,1,16.000000000000455,0.0,16.000000000000455,16.000000000000455,16.000000000000455,1,0.0,0.0,0.0,0.0,0.0,1,1,1,1
safety,scenario_2,CACC,1.0,60,1.0,vehicle_type_assignment,1,,1,1,0,60,3564.0,0.0,3564.0,3564.0,3564.0,1,3570.0,0.0,3570.0,3570.0,3570.0,1,33.33000000000001,0.0,33.33000000000001,33.33000000000001,33.33000000000001,1,2.0194839173657902e-28,0.0,2.0194839173657902e-28,2.0194839173657902e-28,2.0194839173657902e-28,1,25.0,0.0,25.0,25,25,1,0.0,0.0,0.0,0,0,1,0.0,0.0,0.0,0,0,1,0.0,0.0,0.0,0,0,1,0.0,0.0,0.0,0,0,1,0.0,0.0,0.0,0,0,1,0.0,0.0,0.0,0,0,1,0.0,0.0,0.0,0,0,1,,,,,,0,0.0,0.0,0.0,0,0,1,0.0,0.0,0.0,0,0,1,,,,,,0,0.0,0.0,0.0,0,0,1,0.0,0.0,0.0,0,0,1,0.0,0.0,0.0,0,0,1,0.0,0.0,0.0,0,0,1,,,,,,0,1263.7070939199998,0.0,1263.7070939199998,1263.7070939199998,1263.7070939199998,1,444.3655999999983,0.0,444.3655999999983,444.3655999999983,444.3655999999983,1,31.293799999999983,0.0,31.293799999999983,31.293799999999983,31.293799999999983,1,403.06696732,0.0,403.06696732,403.06696732,403.06696732,1,1251.0992704399996,0.0,1251.0992704399996,1251.0992704399996,1251.0992704399996,1,439.9320800000009,0.0,439.9320800000009,439.9320800000009,439.9320800000009,1,30.98028000000009,0.0,30.98028000000009,30.98028000000009,30.98028000000009,1,399.0456263199998,0.0,399.0456263199998,399.0456263199998,399.0456263199998,1,181.83635716729125,0.0,181.83635716729125,181.83635716729125,181.83635716729125,1,63.94030890798544,0.0,63.94030890798544,63.94030890798544,63.94030890798544,1,4.502903102546014,0.0,4.502903102546014,4.502903102546014,4.502903102546014,1,57.99779821175574,0.0,57.99779821175574,57.99779821175574,57.99779821175574,1,6949.694294399976,0.0,6949.694294399976,6949.694294399976,6949.694294399976,1,6414.65447039998,0.0,6414.65447039998,6414.65447039998,6414.65447039998,1,0.0,0.0,0.0,0.0,0.0,1,2940.0,0.0,2940.0,2940,2940,1,60.61074829932365,0.0,60.61074829932365,60.61074829932365,60.61074829932365,1,60.59999999999991,0.0,60.59999999999991,60.59999999999991,60.59999999999991,1,60.700000000000045,0.0,60.700000000000045,60.700000000000045,60.700000000000045,1,0.0309726329798901,0.0,0.0309726329798901,0.0309726329798901,0.0309726329798901,1,0.0,0.0,0.0,0.0,0.0,1,0.0,0.0,0.0,0.0,0.0,1,0.0,0.0,0.0,0.0,0.0,1,0.0,0.0,0.0,0.0,0.0,1,195.037671352856,0.0,195.037671352856,195.037671352856,195.037671352856,1,68.58235030897453,0.0,68.58235030897453,68.58235030897453,68.58235030897453,1,4.829610097154359,0.0,4.829610097154359,4.829610097154359,4.829610097154359,1,62.20843666036429,0.0,62.20843666036429,62.20843666036429,62.20843666036429,1,0.0,0.0,0.0,0.0,0.0,1,0.0107482993198192,0.0,0.0107482993198192,0.0107482993198192,0.0107482993198192,1,0.1000000000001364,0.0,0.1000000000001364,0.1000000000001364,0.1000000000001364,1,0.0,0.0,0.0,0.0,0.0,1,1,1,1
safety,scenario_2,CACC,0.2,120,0.2,vehicle_type_assignment,1,,1,1,0,24,3894.0,0.0,3894.0,3894.0,3894.0,1,3990.0,0.0,3990.0,3990.0,3990.0,1,22.68152334564859,0.0,22.68152334564859,22.68152334564859,22.68152334564859,1,0.1533389467481178,0.0,0.1533389467481178,0.1533389467481178,0.1533389467481178,1,25.0,0.0,25.0,25,25,1,0.0,0.0,0.0,0,0,1,0.0,0.0,0.0,0,0,1,0.0,0.0,0.0,0,0,1,0.0,0.0,0.0,0,0,1,0.0,0.0,0.0,0,0,1,0.0,0.0,0.0,0,0,1,0.0,0.0,0.0,0,0,1,,,,,,0,0.0,0.0,0.0,0,0,1,0.0,0.0,0.0,0,0,1,,,,,,0,0.0,0.0,0.0,0,0,1,0.0,0.0,0.0,0,0,1,0.0,0.0,0.0,0,0,1,0.0,0.0,0.0,0,0,1,,,,,,0,1096.178957309999,0.0,1096.178957309999,1096.178957309999,1096.178957309999,1,370.3945599999997,0.0,370.3945599999997,370.3945599999997,370.3945599999997,1,17.61075000000001,0.0,17.61075000000001,17.61075000000001,17.61075000000001,1,349.63046906999995,0.0,349.63046906999995,349.63046906999995,349.63046906999995,1,1085.2580316799997,0.0,1085.2580316799997,1085.2580316799997,1085.2580316799997,1,366.7059399999999,0.0,366.7059399999999,366.7059399999999,366.7059399999999,1,17.435440000000007,0.0,17.435440000000007,17.435440000000007,17.435440000000007,1,346.1471979499999,0.0,346.1471979499999,346.1471979499999,346.1471979499999,1,144.4279667487048,0.0,144.4279667487048,144.4279667487048,144.4279667487048,1,48.80164213958054,0.0,48.80164213958054,48.80164213958054,48.80164213958054,1,2.3203189574642216,0.0,2.3203189574642216,2.3203189574642216,2.3203189574642216,1,46.06585213521449,0.0,46.06585213521449,46.06585213521449,46.06585213521449,1,7589.797059300008,0.0,7589.797059300008,7589.797059300008,7589.797059300008,1,7005.512932200008,0.0,7005.512932200008,7005.512932200008,7005.512932200008,1,107394.79999999996,0.0,107394.79999999996,107394.79999999996,107394.79999999996,1,681.0,0.0,681.0,681,681,1,92.56960352422904,0.0,92.56960352422904,92.56960352422904,92.56960352422904,1,100.90000000000008,0.0,100.90000000000008,100.90000000000008,100.90000000000008,1,104.90000000000008,0.0,104.90000000000008,104.90000000000008,104.90000000000008,1,12.139919755844462,0.0,12.139919755844462,12.139919755844462,12.139919755844462,1,0.0,0.0,0.0,0.0,0.0,1,0.0,0.0,0.0,0.0,0.0,1,0.0,0.0,0.0,0.0,0.0,1,0.0,0.0,0.0,0.0,0.0,1,154.9148566540703,0.0,154.9148566540703,154.9148566540703,154.9148566540703,1,52.34533767177555,0.0,52.34533767177555,52.34533767177555,52.34533767177555,1,2.488817045766924,0.0,2.488817045766924,2.488817045766924,2.488817045766924,1,49.41068574136455,0.0,49.41068574136455,49.41068574136455,49.41068574136455,1,14.149890854908412,0.0,14.149890854908412,14.149890854908412,14.149890854908412,1,29.533089869800005,0.0,29.533089869800005,29.533089869800005,29.533089869800005,1,43.80000000000018,0.0,43.80000000000018,43.80000000000018,43.80000000000018,1,0.0,0.0,0.0,0.0,0.0,1,1,1,1
safety,scenario_2,CACC,0.6,120,0.6,vehicle_type_assignment,1,,1,1,0,72,5276.4,0.0,5276.4,5276.4,5276.4,1,5400.0,0.0,5400.0,5400.0,5400.0,1,25.398220814329623,0.0,25.398220814329623,25.398220814329623,25.398220814329623,1,0.1954101385270942,0.0,0.1954101385270942,0.1954101385270942,0.1954101385270942,1,25.0,0.0,25.0,25,25,1,0.0,0.0,0.0,0,0,1,0.0,0.0,0.0,0,0,1,0.0,0.0,0.0,0,0,1,0.0,0.0,0.0,0,0,1,0.0,0.0,0.0,0,0,1,0.0,0.0,0.0,0,0,1,0.0,0.0,0.0,0,0,1,,,,,,0,0.0,0.0,0.0,0,0,1,0.0,0.0,0.0,0,0,1,,,,,,0,0.0,0.0,0.0,0,0,1,0.0,0.0,0.0,0,0,1,0.0,0.0,0.0,0,0,1,0.0,0.0,0.0,0,0,1,,,,,,0,1579.073808730001,0.0,1579.073808730001,1579.073808730001,1579.073808730001,1,534.6834299999994,0.0,534.6834299999994,534.6834299999994,534.6834299999994,1,28.827080000000016,0.0,28.827080000000016,28.827080000000016,28.827080000000016,1,503.65200861999983,0.0,503.65200861999983,503.65200861999983,503.65200861999983,1,1563.3039456300007,0.0,1563.3039456300007,1563.3039456300007,1563.3039456300007,1,529.3436999999992,0.0,529.3436999999992,529.3436999999992,529.3436999999992,1,28.539150000000024,0.0,28.539150000000024,28.539150000000024,28.539150000000024,1,498.62214678,0.0,498.62214678,498.62214678,498.62214678,1,153.41880457556675,0.0,153.41880457556675,153.41880457556675,153.41880457556675,1,51.94848537380159,0.0,51.94848537380159,51.94848537380159,51.94848537380159,1,2.8007659480852265,0.0,2.8007659480852265,2.8007659480852265,2.8007659480852265,1,48.933551210445934,0.0,48.933551210445934,48.933551210445934,48.933551210445934,1,10292.570152000011,0.0,10292.570152000011,10292.570152000011,10292.570152000011,1,9500.210646800002,0.0,9500.210646800002,9500.210646800002,9500.210646800002,1,93596.35000000003,0.0,93596.35000000003,93596.35000000003,93596.35000000003,1,2657.0,0.0,2657.0,2657,2657,1,79.03255551373664,0.0,79.03255551373664,79.03255551373664,79.03255551373664,1,74.89999999999986,0.0,74.89999999999986,74.89999999999986,74.89999999999986,1,87.0,0.0,87.0,87.0,87.0,1,5.501837170430369,0.0,5.501837170430369,5.501837170430369,5.501837170430369,1,0.0,0.0,0.0,0.0,0.0,1,0.0,0.0,0.0,0.0,0.0,1,0.0,0.0,0.0,0.0,0.0,1,0.0,0.0,0.0,0.0,0.0,1,164.55466133864888,0.0,164.55466133864888,164.55466133864888,164.55466133864888,1,55.71915399352755,0.0,55.71915399352755,55.71915399352755,55.71915399352755,1,3.004054442688909,0.0,3.004054442688909,3.004054442688909,3.004054442688909,1,52.48537798979784,0.0,52.48537798979784,52.48537798979784,52.48537798979784,1,9.093583878251511,0.0,9.093583878251511,9.093583878251511,9.093583878251511,1,18.86101099929773,0.0,18.86101099929773,18.86101099929773,18.86101099929773,1,26.200000000000045,0.0,26.200000000000045,26.200000000000045,26.200000000000045,1,0.0,0.0,0.0,0.0,0.0,1,1,1,1
safety,scenario_2,CACC,1.0,120,1.0,vehicle_type_assignment,1,,1,1,0,120,7128.0,0.0,7128.0,7128.0,7128.0,1,7140.0,0.0,7140.0,7140.0,7140.0,1,33.33000000000001,0.0,33.33000000000001,33.33000000000001,33.33000000000001,1,2.0194839173657902e-28,0.0,2.0194839173657902e-28,2.0194839173657902e-28,2.0194839173657902e-28,1,25.0,0.0,25.0,25,25,1,0.0,0.0,0.0,0,0,1,0.0,0.0,0.0,0,0,1,0.0,0.0,0.0,0,0,1,0.0,0.0,0.0,0,0,1,0.0,0.0,0.0,0,0,1,0.0,0.0,0.0,0,0,1,0.0,0.0,0.0,0,0,1,,,,,,0,0.0,0.0,0.0,0,0,1,0.0,0.0,0.0,0,0,1,,,,,,0,0.0,0.0,0.0,0,0,1,0.0,0.0,0.0,0,0,1,0.0,0.0,0.0,0,0,1,0.0,0.0,0.0,0,0,1,,,,,,0,2527.4141881599926,0.0,2527.4141881599926,2527.4141881599926,2527.4141881599926,1,888.7304799999966,0.0,888.7304799999966,888.7304799999966,888.7304799999966,1,62.58615999999939,0.0,62.58615999999939,62.58615999999939,62.58615999999939,1,806.1339346399983,0.0,806.1339346399983,806.1339346399983,806.1339346399983,1,2502.1985411999976,0.0,2502.1985411999976,2502.1985411999976,2502.1985411999976,1,879.8639199999991,0.0,879.8639199999991,879.8639199999991,879.8639199999991,1,61.962159999999685,0.0,61.962159999999685,61.962159999999685,61.962159999999685,1,798.0912527200006,0.0,798.0912527200006,798.0912527200006,798.0912527200006,1,181.83667113532428,0.0,181.83667113532428,181.83667113532428,181.83667113532428,1,63.940367501596185,0.0,63.940367501596185,63.940367501596185,63.940367501596185,1,4.5028072750623735,0.0,4.5028072750623735,4.5028072750623735,4.5028072750623735,1,57.99789834640239,0.0,57.99789834640239,57.99789834640239,57.99789834640239,1,13899.364591199928,0.0,13899.364591199928,13899.364591199928,13899.364591199928,1,12829.343603999949,0.0,12829.343603999949,12829.343603999949,12829.343603999949,1,0.0,0.0,0.0,0.0,0.0,1,5880.0,0.0,5880.0,5880,5880,1,60.61074829932034,0.0,60.61074829932034,60.61074829932034,60.61074829932034,1,60.59999999999991,0.0,60.59999999999991,60.59999999999991,60.59999999999991,1,60.700000000000045,0.0,60.700000000000045,60.700000000000045,60.700000000000045,1,0.0309726329798901,0.0,0.0309726329798901,0.0309726329798901,0.0309726329798901,1,0.0,0.0,0.0,0.0,0.0,1,0.0,0.0,0.0,0.0,0.0,1,0.0,0.0,0.0,0.0,0.0,1,0.0,0.0,0.0,0.0,0.0,1,195.03714441164857,0.0,195.03714441164857,195.03714441164857,195.03714441164857,1,68.58214630136449,0.0,68.58214630136449,68.58214630136449,68.58214630136449,1,4.829721762279487,0.0,4.829721762279487,4.829721762279487,4.829721762279487,1,62.20826858758158,0.0,62.20826858758158,62.20826858758158,62.20826858758158,1,0.0,0.0,0.0,0.0,0.0,1,0.0107482993198192,0.0,0.0107482993198192,0.0107482993198192,0.0107482993198192,1,0.1000000000001364,0.0,0.1000000000001364,0.1000000000001364,0.1000000000001364,1,0.0,0.0,0.0,0.0,0.0,1,1,1,1
safety,scenario_2,IDM,0.0,30,0.0,vehicle_type_assignment,1,,1,1,0,0,1648.8,0.0,1648.8,1648.8,1648.8,1,1800.0,0.0,1800.0,1800.0,1800.0,1,30.962490588792036,0.0,30.962490588792036,30.962490588792036,30.962490588792036,1,0.1266958367894446,0.0,0.1266958367894446,0.1266958367894446,0.1266958367894446,1,25.0,0.0,25.0,25,25,1,0.0,0.0,0.0,0,0,1,0.0,0.0,0.0,0,0,1,0.0,0.0,0.0,0,0,1,0.0,0.0,0.0,0,0,1,0.0,0.0,0.0,0,0,1,0.0,0.0,0.0,0,0,1,0.0,0.0,0.0,0,0,1,,,,,,0,0.0,0.0,0.0,0,0,1,0.0,0.0,0.0,0,0,1,,,,,,0,0.0,0.0,0.0,0,0,1,0.0,0.0,0.0,0,0,1,324.0,0.0,324.0,324,324,1,0.0,0.0,0.0,0,0,1,0.0,0.0,0.0,0.0,0.0,1,548.6140937299999,0.0,548.6140937299999,548.6140937299999,548.6140937299999,1,197.2874700000001,0.0,197.2874700000001,197.2874700000001,197.2874700000001,1,12.732869999999988,0.0,12.732869999999988,12.732869999999988,12.732869999999988,1,174.98296006000004,0.0,174.98296006000004,174.98296006000004,174.98296006000004,1,543.1407888100001,0.0,543.1407888100001,543.1407888100001,543.1407888100001,1,195.32066000000012,0.0,195.32066000000012,195.32066000000012,195.32066000000012,1,12.605929999999995,0.0,12.605929999999995,12.605929999999995,12.605929999999995,1,173.23722455000006,0.0,173.23722455000006,173.23722455000006,173.23722455000006,1,170.66635193949386,0.0,170.66635193949386,170.66635193949386,170.66635193949386,1,61.37343749109585,0.0,61.37343749109585,61.37343749109585,61.37343749109585,1,3.96102195961684,0.0,3.96102195961684,3.96102195961684,3.96102195961684,1,54.434809069472735,0.0,54.434809069472735,54.434809069472735,54.434809069472735,1,3214.5416334000006,0.0,3214.5416334000006,3214.5416334000006,3214.5416334000006,1,2967.126808,0.0,2967.126808,2967.126808,2967.126808,1,5172.16,0.0,5172.16,5172.16,5172.16,1,0.0,0.0,0.0,0,0,1,,,,,,0,,,,,,0,,,,,,0,,,,,,0,0.0,0.0,0.0,0.0,0.0,1,0.0,0.0,0.0,0.0,0.0,1,0.0,0.0,0.0,0.0,0.0,1,100.79197501551948,0.0,100.79197501551948,100.79197501551948,100.79197501551948,1,183.0527725830854,0.0,183.0527725830854,183.0527725830854,183.0527725830854,1,65.82821451155186,0.0,65.82821451155186,65.82821451155186,65.82821451155186,1,4.248530924263752,0.0,4.248530924263752,4.248530924263752,4.248530924263752,1,58.38551425672673,0.0,58.38551425672673,58.38551425672673,58.38551425672673,1,1.608988337951448,0.0,1.608988337951448,1.608988337951448,1.608988337951448,1,4.011524163568774,0.0,4.011524163568774,4.011524163568774,4.011524163568774,1,13.199999999999818,0.0,13.199999999999818,13.199999999999818,13.199999999999818,1,0.0,0.0,0.0,0.0,0.0,1,1,1,1
safety,scenario_2,IDM,0.2,30,0.2,vehicle_type_assignment,1,,1,1,0,6,1670.4,0.0,1670.4,1670.4,1670.4,1,1800.0,0.0,1800.0,1800.0,1800.0,1,31.39711443460012,0.0,31.39711443460012,31.39711443460012,31.39711443460012,1,0.0592798776510788,0.0,0.0592798776510788,0.0592798776510788,0.0592798776510788,1,25.0,0.0,25.0,25,25,1,0.0,0.0,0.0,0,0,1,0.0,0.0,0.0,0,0,1,0.0,0.0,0.0,0,0,1,0.0,0.0,0.0,0,0,1,0.0,0.0,0.0,0,0,1,0.0,0.0,0.0,0,0,1,0.0,0.0,0.0,0,0,1,,,,,,0,0.0,0.0,0.0,0,0,1,0.0,0.0,0.0,0,0,1,,,,,,0,0.0,0.0,0.0,0,0,1,0.0,0.0,0.0,0,0,1,343.0,0.0,343.0,343,343,1,0.0,0.0,0.0,0,0,1,0.0,0.0,0.0,0.0,0.0,1,561.0542895700005,0.0,561.0542895700005,561.0542895700005,561.0542895700005,1,200.2295099999998,0.0,200.2295099999998,200.2295099999998,200.2295099999998,1,13.14109999999999,0.0,13.14109999999999,13.14109999999999,13.14109999999999,1,178.95099318,0.0,178.95099318,178.95099318,178.95099318,1,555.4613049200001,0.0,555.4613049200001,555.4613049200001,555.4613049200001,1,198.23392999999984,0.0,198.23392999999984,198.23392999999984,198.23392999999984,1,13.01004999999999,0.0,13.01004999999999,13.01004999999999,13.01004999999999,1,177.16708345999993,0.0,177.16708345999993,177.16708345999993,177.16708345999993,1,172.01423365489433,0.0,172.01423365489433,172.01423365489433,172.01423365489433,1,61.38857924808315,0.0,61.38857924808315,61.38857924808315,61.38857924808315,1,4.02894387923631,0.0,4.02894387923631,4.02894387923631,4.02894387923631,1,54.86477605800278,0.0,54.86477605800278,54.86477605800278,54.86477605800278,1,3261.673628100001,0.0,3261.673628100001,3261.673628100001,3261.673628100001,1,3010.614194700001,0.0,3010.614194700001,3010.614194700001,3010.614194700001,1,4718.939999999996,0.0,4718.939999999996,4718.939999999996,4718.939999999996,1,276.0,0.0,276.0,276,276,1,63.8452898550725,0.0,63.8452898550725,63.8452898550725,63.8452898550725,1,63.5,0.0,63.5,63.5,63.5,1,67.59999999999991,0.0,67.59999999999991,67.59999999999991,67.59999999999991,1,2.213499325459602,0.0,2.213499325459602,2.213499325459602,2.213499325459602,1,0.0,0.0,0.0,0.0,0.0,1,0.0,0.0,0.0,0.0,0.0,1,0.0,0.0,0.0,0.0,0.0,1,105.16073620762764,0.0,105.16073620762764,105.16073620762764,105.16073620762764,1,184.50099182348083,0.0,184.50099182348083,184.50099182348083,184.50099182348083,1,65.84501273825732,0.0,65.84501273825732,65.84501273825732,65.84501273825732,1,4.321393961040699,0.0,4.321393961040699,4.321393961040699,4.321393961040699,1,58.84748825402192,0.0,58.84748825402192,58.84748825402192,58.84748825402192,1,1.446784852826886,0.0,1.446784852826886,1.446784852826886,1.446784852826886,1,3.243328445747815,0.0,3.243328445747815,3.243328445747815,3.243328445747815,1,13.199999999999818,0.0,13.199999999999818,13.199999999999818,13.199999999999818,1,0.0,0.0,0.0,0.0,0.0,1,1,1,1
safety,scenario_2,IDM,0.6,30,0.6,vehicle_type_assignment,1,,1,1,0,18,1682.4,0.0,1682.4,1682.4,1682.4,1,1770.0,0.0,1770.0,1770.0,1770.0,1,31.559892632071747,0.0,31.559892632071747,31.559892632071747,31.559892632071747,1,0.0888738402249372,0.0,0.0888738402249372,0.0888738402249372,0.0888738402249372,1,25.0,0.0,25.0,25,25,1,0.0,0.0,0.0,0,0,1,0.0,0.0,0.0,0,0,1,0.0,0.0,0.0,0,0,1,0.0,0.0,0.0,0,0,1,0.0,0.0,0.0,0,0,1,0.0,0.0,0.0,0,0,1,0.0,0.0,0.0,0,0,1,,,,,,0,0.0,0.0,0.0,0,0,1,0.0,0.0,0.0,0,0,1,,,,,,0,0.0,0.0,0.0,0,0,1,0.0,0.0,0.0,0,0,1,386.0,0.0,386.0,386,386,1,0.0,0.0,0.0,0,0,1,0.0,0.0,0.0,0.0,0.0,1,567.4232831500004,0.0,567.4232831500004,567.4232831500004,567.4232831500004,1,198.88627999999983,0.0,198.88627999999983,198.88627999999983,198.88627999999983,1,13.267529999999995,0.0,13.267529999999995,13.267529999999995,13.267529999999995,1,180.98268657000003,0.0,180.98268657000003,180.98268657000003,180.98268657000003,1,561.7551264200002,0.0,561.7551264200002,561.7551264200002,561.7551264200002,1,196.8992099999999,0.0,196.8992099999999,196.8992099999999,196.8992099999999,1,13.13493,0.0,13.13493,13.13493,13.13493,1,179.17479780999992,0.0,179.17479780999992,179.17479780999992,179.17479780999992,1,172.98892893665672,0.0,172.98892893665672,172.98892893665672,172.98892893665672,1,60.633966879890735,0.0,60.633966879890735,60.633966879890735,60.633966879890735,1,4.044838963240487,0.0,4.044838963240487,4.044838963240487,4.044838963240487,1,55.1757427577158,0.0,55.1757427577158,55.1757427577158,55.1757427577158,1,3280.113280299998,0.0,3280.113280299998,3280.113280299998,3280.113280299998,1,3027.694927699999,0.0,3027.694927699999,3027.694927699999,3027.694927699999,1,5074.900000000001,0.0,5074.900000000001,5074.900000000001,5074.900000000001,1,828.0,0.0,828.0,828,828,1,63.891183574879214,0.0,63.891183574879214,63.891183574879214,63.891183574879214,1,63.20000000000016,0.0,63.20000000000016,63.20000000000016,63.20000000000016,1,67.89999999999998,0.0,67.89999999999998,67.89999999999998,67.89999999999998,1,2.432113462369001,0.0,2.432113462369001,2.432113462369001,2.432113462369001,1,0.0,0.0,0.0,0.0,0.0,1,0.0,0.0,0.0,0.0,0.0,1,0.0,0.0,0.0,0.0,0.0,1,117.67886259242135,0.0,117.67886259242135,117.67886259242135,117.67886259242135,1,185.53888018260145,0.0,185.53888018260145,185.53888018260145,185.53888018260145,1,65.03271125455669,0.0,65.03271125455669,65.03271125455669,65.03271125455669,1,4.338260727601774,0.0,4.338260727601774,4.338260727601774,4.338260727601774,1,59.17861676576206,0.0,59.17861676576206,59.17861676576206,59.17861676576206,1,1.5471721755706715,0.0,1.5471721755706715,1.5471721755706715,1.5471721755706715,1,3.246394756008791,0.0,3.246394756008791,3.246394756008791,3.246394756008791,1,7.600000000000136,0.0,7.600000000000136,7.600000000000136,7.600000000000136,1,0.0,0.0,0.0,0.0,0.0,1,1,1,1
safety,scenario_2,IDM,1.0,30,1.0,vehicle_type_assignment,1,,1,1,0,30,1734.0,0.0,1734.0,1734.0,1734.0,1,1740.0,0.0,1740.0,1740.0,1740.0,1,32.44000000000002,0.0,32.44000000000002,32.44000000000002,32.44000000000002,1,4.543838814073028e-28,0.0,4.543838814073028e-28,4.543838814073028e-28,4.543838814073028e-28,1,25.0,0.0,25.0,25,25,1,0.0,0.0,0.0,0,0,1,0.0,0.0,0.0,0,0,1,0.0,0.0,0.0,0,0,1,0.0,0.0,0.0,0,0,1,0.0,0.0,0.0,0,0,1,0.0,0.0,0.0,0,0,1,0.0,0.0,0.0,0,0,1,,,,,,0,0.0,0.0,0.0,0,0,1,0.0,0.0,0.0,0,0,1,,,,,,0,0.0,0.0,0.0,0,0,1,0.0,0.0,0.0,0,0,1,0.0,0.0,0.0,0,0,1,0.0,0.0,0.0,0,0,1,,,,,,0,600.9055600999994,0.0,600.9055600999994,600.9055600999994,600.9055600999994,1,209.25448000000003,0.0,209.25448000000003,209.25448000000003,209.25448000000003,1,14.431800000000024,0.0,14.431800000000024,14.431800000000024,14.431800000000024,1,191.66234188000024,0.0,191.66234188000024,191.66234188000024,191.66234188000024,1,594.9103832599999,0.0,594.9103832599999,594.9103832599999,594.9103832599999,1,207.16671000000017,0.0,207.16671000000017,207.16671000000017,207.16671000000017,1,14.287799999999956,0.0,14.287799999999956,14.287799999999956,14.287799999999956,1,189.75014509999983,0.0,189.75014509999983,189.75014509999983,189.75014509999983,1,177.67523616771726,0.0,177.67523616771726,177.67523616771726,177.67523616771726,1,61.87218362061036,0.0,61.87218362061036,61.87218362061036,61.87218362061036,1,4.267182139067828,0.0,4.267182139067828,4.267182139067828,4.267182139067828,1,56.67055544022556,0.0,56.67055544022556,56.67055544022556,56.67055544022556,1,3382.044527200021,0.0,3382.044527200021,3382.044527200021,3382.044527200021,1,3121.6969828000065,0.0,3121.6969828000065,3121.6969828000065,3121.6969828000065,1,2784.000000000024,0.0,2784.000000000024,2784.000000000024,2784.000000000024,1,1410.0,0.0,1410.0,1410,1410,1,62.2729078014203,0.0,62.2729078014203,62.2729078014203,62.2729078014203,1,62.29999999999996,0.0,62.29999999999996,62.29999999999996,62.29999999999996,1,62.30000000000018,0.0,62.30000000000018,62.30000000000018,62.30000000000018,1,0.0444435893484497,0.0,0.0444435893484497,0.0444435893484497,0.0444435893484497,1,0.0,0.0,0.0,0.0,0.0,1,0.0,0.0,0.0,0.0,0.0,1,0.0,0.0,0.0,0.0,0.0,1,0.0,0.0,0.0,0.0,0.0,1,190.57275146750308,0.0,190.57275146750308,190.57275146750308,190.57275146750308,1,66.36349112083965,0.0,66.36349112083965,66.36349112083965,66.36349112083965,1,4.576933660993743,0.0,4.576933660993743,4.576933660993743,4.576933660993743,1,60.78429333323807,0.0,60.78429333323807,60.78429333323807,60.78429333323807,1,0.8231707115650794,0.0,0.8231707115650794,0.8231707115650794,0.8231707115650794,1,1.6729078014185352,0.0,1.6729078014185352,1.6729078014185352,1.6729078014185352,1,1.7000000000002728,0.0,1.7000000000002728,1.7000000000002728,1.7000000000002728,1,0.0,0.0,0.0,0.0,0.0,1,1,1,1
safety,scenario_2,IDM,0.0,60,0.0,vehicle_type_assignment,1,,1,1,0,0,3079.2,0.0,3079.2,3079.2,3079.2,1,3300.0,0.0,3300.0,3300.0,3300.0,1,29.074134030646032,0.0,29.074134030646032,29.074134030646032,29.074134030646032,1,0.1579669360703531,0.0,0.1579669360703531,0.1579669360703531,0.1579669360703531,1,25.0,0.0,25.0,25,25,1,0.0,0.0,0.0,0,0,1,0.0,0.0,0.0,0,0,1,0.0,0.0,0.0,0,0,1,0.0,0.0,0.0,0,0,1,0.0,0.0,0.0,0,0,1,0.0,0.0,0.0,0,0,1,0.0,0.0,0.0,0,0,1,,,,,,0,0.0,0.0,0.0,0,0,1,0.0,0.0,0.0,0,0,1,,,,,,0,0.0,0.0,0.0,0,0,1,0.0,0.0,0.0,0,0,1,178.0,0.0,178.0,178,178,1,0.0,0.0,0.0,0,0,1,0.0,0.0,0.0,0.0,0.0,1,994.2391798600008,0.0,994.2391798600008,994.2391798600008,994.2391798600008,1,356.43505999999974,0.0,356.43505999999974,356.43505999999974,356.43505999999974,1,21.73057000000001,0.0,21.73057000000001,21.73057000000001,21.73057000000001,1,317.1165667099999,0.0,317.1165667099999,317.1165667099999,317.1165667099999,1,984.3273088600004,0.0,984.3273088600004,984.3273088600004,984.3273088600004,1,352.8817899999999,0.0,352.8817899999999,352.8817899999999,352.8817899999999,1,21.51401000000002,0.0,21.51401000000002,21.51401000000002,21.51401000000002,1,313.9551358499999,0.0,313.9551358499999,313.9551358499999,313.9551358499999,1,165.32796407938363,0.0,165.32796407938363,165.32796407938363,165.32796407938363,1,59.27012733959115,0.0,59.27012733959115,59.27012733959115,59.27012733959115,1,3.613487548228002,0.0,3.613487548228002,3.613487548228002,3.613487548228002,1,52.7320160098607,0.0,52.7320160098607,52.7320160098607,52.7320160098607,1,6013.738724700005,0.0,6013.738724700005,6013.738724700005,6013.738724700005,1,5550.7833994,0.0,5550.7833994,5550.7833994,5550.7833994,1,22146.27000000002,0.0,22146.27000000002,22146.27000000002,22146.27000000002,1,0.0,0.0,0.0,0,0,1,,,,,,0,,,,,,0,,,,,,0,,,,,,0,0.0,0.0,0.0,0.0,0.0,1,0.0,0.0,0.0,0.0,0.0,1,0.0,0.0,0.0,0.0,0.0,1,29.598891496384308,0.0,29.598891496384308,29.598891496384308,29.598891496384308,1,177.33124102201484,0.0,177.33124102201484,177.33124102201484,177.33124102201484,1,63.57333093525932,0.0,63.57333093525932,63.57333093525932,63.57333093525932,1,3.875851110011882,0.0,3.875851110011882,3.875851110011882,3.875851110011882,1,56.56050925783489,0.0,56.56050925783489,56.56050925783489,56.56050925783489,1,3.68261259988557,0.0,3.68261259988557,3.68261259988557,3.68261259988557,1,8.524742676167863,0.0,8.524742676167863,8.524742676167863,8.524742676167863,1,16.299999999999727,0.0,16.299999999999727,16.299999999999727,16.299999999999727,1,0.0,0.0,0.0,0.0,0.0,1,1,1,1
safety,scenario_2,IDM,0.2,60,0.2,vehicle_type_assignment,1,,1,1,0,12,3114.0,0.0,3114.0,3114.0,3114.0,1,3390.0,0.0,3390.0,3390.0,3390.0,1,29.46027173494181,0.0,29.46027173494181,29.46027173494181,29.46027173494181,1,0.1930080465845599,0.0,0.1930080465845599,0.1930080465845599,0.1930080465845599,1,25.0,0.0,25.0,25,25,1,0.0,0.0,0.0,0,0,1,0.0,0.0,0.0,0,0,1,0.0,0.0,0.0,0,0,1,0.0,0.0,0.0,0,0,1,0.0,0.0,0.0,0,0,1,0.0,0.0,0.0,0,0,1,0.0,0.0,0.0,0,0,1,,,,,,0,0.0,0.0,0.0,0,0,1,0.0,0.0,0.0,0,0,1,,,,,,0,0.0,0.0,0.0,0,0,1,0.0,0.0,0.0,0,0,1,250.0,0.0,250.0,250,250,1,0.0,0.0,0.0,0,0,1,0.0,0.0,0.0,0.0,0.0,1,1006.7419281400004,0.0,1006.7419281400004,1006.7419281400004,1006.7419281400004,1,355.4466300000001,0.0,355.4466300000001,355.4466300000001,355.4466300000001,1,22.097379999999973,0.0,22.097379999999973,22.097379999999973,22.097379999999973,1,321.1048455400001,0.0,321.1048455400001,321.1048455400001,321.1048455400001,1,996.7177364400004,0.0,996.7177364400004,996.7177364400004,996.7177364400004,1,351.90846000000005,0.0,351.90846000000005,351.90846000000005,351.90846000000005,1,21.877389999999984,0.0,21.877389999999984,21.877389999999984,21.877389999999984,1,317.90758469000014,0.0,317.90758469000014,317.90758469000014,317.90758469000014,1,165.40642389709188,0.0,165.40642389709188,165.40642389709188,165.40642389709188,1,58.399431186099214,0.0,58.399431186099214,58.399431186099214,58.399431186099214,1,3.630571550792543,0.0,3.630571550792543,3.630571550792543,3.630571550792543,1,52.75711948833571,0.0,52.75711948833571,52.75711948833571,52.75711948833571,1,6086.4741793,0.0,6086.4741793,6086.4741793,6086.4741793,1,5617.948591100001,0.0,5617.948591100001,5617.948591100001,5617.948591100001,1,21465.889999999978,0.0,21465.889999999978,21465.889999999978,21465.889999999978,1,537.0,0.0,537.0,537,537,1,65.5422718808193,0.0,65.5422718808193,65.5422718808193,65.5422718808193,1,64.0,0.0,64.0,64.0,64.0,1,77.09999999999991,0.0,77.09999999999991,77.09999999999991,77.09999999999991,1,4.316524575425481,0.0,4.316524575425481,4.316524575425481,4.316524575425481,1,0.0,0.0,0.0,0.0,0.0,1,0.0,0.0,0.0,0.0,0.0,1,0.0,0.0,0.0,0.0,0.0,1,41.07468341034715,0.0,41.07468341034715,41.07468341034715,41.07468341034715,1,177.41667092130544,0.0,177.41667092130544,177.41667092130544,177.41667092130544,1,62.64002852526921,0.0,62.64002852526921,62.64002852526921,62.64002852526921,1,3.894195478160537,0.0,3.894195478160537,3.894195478160537,3.894195478160537,1,56.587841546580165,0.0,56.587841546580165,56.587841546580165,56.587841546580165,1,3.5268185434853434,0.0,3.5268185434853434,3.5268185434853434,3.5268185434853434,1,7.901773748521918,0.0,7.901773748521918,7.901773748521918,7.901773748521918,1,16.299999999999727,0.0,16.299999999999727,16.299999999999727,16.299999999999727,1,0.0,0.0,0.0,0.0,0.0,1,1,1,1
safety,scenario_2,IDM,0.6,60,0.6,vehicle_type_assignment,1,,1,1,0,36,3210.0,0.0,3210.0,3210.0,3210.0,1,3540.0,0.0,3540.0,3540.0,3540.0,1,30.243682942536847,0.0,30.243682942536847,30.243682942536847,30.243682942536847,1,0.0387539384024771,0.0,0.0387539384024771,0.0387539384024771,0.0387539384024771,1,25.0,0.0,25.0,25,25,1,0.0,0.0,0.0,0,0,1,0.0,0.0,0.0,0,0,1,0.0,0.0,0.0,0,0,1,0.0,0.0,0.0,0,0,1,0.0,0.0,0.0,0,0,1,0.0,0.0,0.0,0,0,1,0.0,0.0,0.0,0,0,1,,,,,,0,0.0,0.0,0.0,0,0,1,0.0,0.0,0.0,0,0,1,,,,,,0,0.0,0.0,0.0,0,0,1,0.0,0.0,0.0,0,0,1,411.0,0.0,411.0,411,411,1,0.0,0.0,0.0,0,0,1,0.0,0.0,0.0,0.0,0.0,1,1053.0898131399997,0.0,1053.0898131399997,1053.0898131399997,1053.0898131399997,1,365.43419000000006,0.0,365.43419000000006,365.43419000000006,365.43419000000006,1,23.50884999999999,0.0,23.50884999999999,23.50884999999999,23.50884999999999,1,335.8883670300001,0.0,335.8883670300001,335.8883670300001,335.8883670300001,1,1042.5997061699993,0.0,1042.5997061699993,1042.5997061699993,1042.5997061699993,1,361.7952800000001,0.0,361.7952800000001,361.7952800000001,361.7952800000001,1,23.27477000000001,0.0,23.27477000000001,23.27477000000001,23.27477000000001,1,332.54249392,0.0,332.54249392,332.54249392,332.54249392,1,168.04958175557698,0.0,168.04958175557698,168.04958175557698,168.04958175557698,1,58.31512376477993,0.0,58.31512376477993,58.31512376477993,58.31512376477993,1,3.751486683054056,0.0,3.751486683054056,3.751486683054056,3.751486683054056,1,53.60027121300359,0.0,53.60027121300359,53.60027121300359,53.60027121300359,1,6266.542303399999,0.0,6266.542303399999,6266.542303399999,6266.542303399999,1,5784.231516900004,0.0,5784.231516900004,5784.231516900004,5784.231516900004,1,18878.04000000002,0.0,18878.04000000002,18878.04000000002,18878.04000000002,1,1610.0,0.0,1610.0,1610,1610,1,65.28484472049698,0.0,65.28484472049698,65.28484472049698,65.28484472049698,1,63.90000000000009,0.0,63.90000000000009,63.90000000000009,63.90000000000009,1,74.5,0.0,74.5,74.5,74.5,1,3.6472222231216382,0.0,3.6472222231216382,3.6472222231216382,3.6472222231216382,1,0.0,0.0,0.0,0.0,0.0,1,0.0,0.0,0.0,0.0,0.0,1,0.0,0.0,0.0,0.0,0.0,1,65.5864079585015,0.0,65.5864079585015,65.5864079585015,65.5864079585015,1,180.24861265040948,0.0,180.24861265040948,180.24861265040948,180.24861265040948,1,62.5485475370288,0.0,62.5485475370288,62.5485475370288,62.5485475370288,1,4.023830984634217,0.0,4.023830984634217,4.023830984634217,4.023830984634217,1,57.4912143382225,0.0,57.4912143382225,57.4912143382225,57.4912143382225,1,3.0125129754182747,0.0,3.0125129754182747,3.0125129754182747,3.0125129754182747,1,6.25657844265439,0.0,6.25657844265439,6.25657844265439,6.25657844265439,1,13.400000000000093,0.0,13.400000000000093,13.400000000000093,13.400000000000093,1,0.0,0.0,0.0,0.0,0.0,1,1,1,1
safety,scenario_2,IDM,1.0,60,1.0,vehicle_type_assignment,1,,1,1,0,60,3397.2,0.0,3397.2,3397.2,3397.2,1,3420.0,0.0,3420.0,3420.0,3420.0,1,31.795627899394503,0.0,31.795627899394503,31.795627899394503,31.795627899394503,1,4.798809638184321e-05,0.0,4.798809638184321e-05,4.798809638184321e-05,4.798809638184321e-05,1,25.0,0.0,25.0,25,25,1,0.0,0.0,0.0,0,0,1,0.0,0.0,0.0,0,0,1,0.0,0.0,0.0,0,0,1,0.0,0.0,0.0,0,0,1,0.0,0.0,0.0,0,0,1,0.0,0.0,0.0,0,0,1,0.0,0.0,0.0,0,0,1,,,,,,0,0.0,0.0,0.0,0,0,1,0.0,0.0,0.0,0,0,1,,,,,,0,0.0,0.0,0.0,0,0,1,0.0,0.0,0.0,0,0,1,0.0,0.0,0.0,0,0,1,0.0,0.0,0.0,0,0,1,,,,,,0,1158.0388866200003,0.0,1158.0388866200003,1158.0388866200003,1158.0388866200003,1,400.38135999999946,0.0,400.38135999999946,400.38135999999946,400.38135999999946,1,27.162619999999933,0.0,27.162619999999933,27.162619999999933,27.162619999999933,1,369.3631495999997,0.0,369.3631495999997,369.3631495999997,369.3631495999997,1,1146.4867322600007,0.0,1146.4867322600007,1146.4867322600007,1146.4867322600007,1,396.3876800000001,0.0,396.3876800000001,396.3876800000001,396.3876800000001,1,26.891260000000003,0.0,26.891260000000003,26.891260000000003,26.891260000000003,1,365.6785235200001,0.0,365.6785235200001,365.6785235200001,365.6785235200001,1,174.76743009541207,0.0,174.76743009541207,174.76743009541207,174.76743009541207,1,60.42424149463567,0.0,60.42424149463567,60.42424149463567,60.42424149463567,1,4.09929350983527,0.0,4.09929350983527,4.09929350983527,4.09929350983527,1,55.74307492898684,0.0,55.74307492898684,55.74307492898684,55.74307492898684,1,6626.171054799992,0.0,6626.171054799992,6626.171054799992,6626.171054799992,1,6116.074905399995,0.0,6116.074905399995,6116.074905399995,6116.074905399995,1,9712.01999999998,0.0,9712.01999999998,9712.01999999998,9712.01999999998,1,2756.0,0.0,2756.0,2756,2756,1,63.56835994194631,0.0,63.56835994194631,63.56835994194631,63.56835994194631,1,64.5,0.0,64.5,64.5,64.5,1,64.60000000000014,0.0,64.60000000000014,64.60000000000014,64.60000000000014,1,1.5628396277551826,0.0,1.5628396277551826,1.5628396277551826,1.5628396277551826,1,0.0,0.0,0.0,0.0,0.0,1,0.0,0.0,0.0,0.0,0.0,1,0.0,0.0,0.0,0.0,0.0,1,0.0,0.0,0.0,0.0,0.0,1,187.4546584195276,0.0,187.4546584195276,187.4546584195276,187.4546584195276,1,64.81079550710245,0.0,64.81079550710245,64.81079550710245,64.81079550710245,1,4.396816653808019,0.0,4.396816653808019,4.396816653808019,4.396816653808019,1,59.7897391997498,0.0,59.7897391997498,59.7897391997498,59.7897391997498,1,1.4657062004103565,0.0,1.4657062004103565,1.4657062004103565,1.4657062004103565,1,2.9683599419448745,0.0,2.9683599419448745,2.9683599419448745,2.9683599419448745,1,4.000000000000227,0.0,4.000000000000227,4.000000000000227,4.000000000000227,1,0.0,0.0,0.0,0.0,0.0,1,1,1,1
safety,scenario_2,IDM,0.0,120,0.0,vehicle_type_assignment,1,,1,1,0,0,3555.6,0.0,3555.6,3555.6,3555.6,1,3600.0,0.0,3600.0,3600.0,3600.0,1,23.89266867682666,0.0,23.89266867682666,23.89266867682666,23.89266867682666,1,0.0209966453053082,0.0,0.0209966453053082,0.0209966453053082,0.0209966453053082,1,25.0,0.0,25.0,25,25,1,0.0,0.0,0.0,0,0,1,0.0,0.0,0.0,0,0,1,0.0,0.0,0.0,0,0,1,0.0,0.0,0.0,0,0,1,0.0,0.0,0.0,0,0,1,0.0,0.0,0.0,0,0,1,0.0,0.0,0.0,0,0,1,,,,,,0,0.0,0.0,0.0,0,0,1,0.0,0.0,0.0,0,0,1,,,,,,0,0.0,0.0,0.0,0,0,1,0.0,0.0,0.0,0,0,1,0.0,0.0,0.0,0,0,1,0.0,0.0,0.0,0,0,1,,,,,,0,1022.6122974999996,0.0,1022.6122974999996,1022.6122974999996,1022.6122974999996,1,353.5994399999999,0.0,353.5994399999999,353.5994399999999,353.5994399999999,1,17.911799999999996,0.0,17.911799999999996,17.911799999999996,17.911799999999996,1,326.1658015700002,0.0,326.1658015700002,326.1658015700002,326.1658015700002,1,1012.4046273399996,0.0,1012.4046273399996,1012.4046273399996,1012.4046273399996,1,350.0689499999998,0.0,350.0689499999998,350.0689499999998,350.0689499999998,1,17.732929999999993,0.0,17.732929999999993,17.732929999999993,17.732929999999993,1,322.91002916000025,0.0,322.91002916000025,322.91002916000025,322.91002916000025,1,147.4799098712068,0.0,147.4799098712068,147.4799098712068,147.4799098712068,1,50.995683964683785,0.0,50.995683964683785,50.995683964683785,50.995683964683785,1,2.583218152264673,0.0,2.583218152264673,2.583218152264673,2.583218152264673,1,47.03923777976429,0.0,47.03923777976429,47.03923777976429,47.03923777976429,1,6933.909156800001,0.0,6933.909156800001,6933.909156800001,6933.909156800001,1,6400.0984708000005,0.0,6400.0984708000005,6400.0984708000005,6400.0984708000005,1,80074.64999999998,0.0,80074.64999999998,80074.64999999998,80074.64999999998,1,0.0,0.0,0.0,0,0,1,,,,,,0,,,,,,0,,,,,,0,,,,,,0,0.0,0.0,0.0,0.0,0.0,1,0.0,0.0,0.0,0.0,0.0,1,0.0,0.0,0.0,0.0,0.0,1,0.0,0.0,0.0,0.0,0.0,1,158.18578916543623,0.0,158.18578916543623,158.18578916543623,158.18578916543623,1,54.69743185939478,0.0,54.69743185939478,54.69743185939478,54.69743185939478,1,2.7707276819107145,0.0,2.7707276819107145,2.7707276819107145,2.7707276819107145,1,50.45391576914864,0.0,50.45391576914864,50.45391576914864,50.45391576914864,1,11.548269264743931,0.0,11.548269264743931,11.548269264743931,11.548269264743931,1,24.5925654450261,0.0,24.5925654450261,24.5925654450261,24.5925654450261,1,36.0,0.0,36.0,36.0,36.0,1,0.0,0.0,0.0,0.0,0.0,1,1,1,1
safety,scenario_2,IDM,0.2,120,0.2,vehicle_type_assignment,1,,1,1,0,24,4027.2,0.0,4027.2,4027.2,4027.2,1,4080.0,0.0,4080.0,4080.0,4080.0,1,22.988064605368344,0.0,22.988064605368344,22.988064605368344,22.988064605368344,1,0.0675051226029778,0.0,0.0675051226029778,0.0675051226029778,0.0675051226029778,1,25.0,0.0,25.0,25,25,1,2.0,0.0,2.0,2,2,1,0.0,0.0,0.0,0,0,1,0.0,0.0,0.0,0,0,1,2.0,0.0,2.0,2,2,1,1.0,0.0,1.0,1,1,1,0.0,0.0,0.0,0,0,1,0.0,0.0,0.0,0,0,1,,,,,,0,0.0,0.0,0.0,0,0,1,0.0,0.0,0.0,0,0,1,,,,,,0,0.0,0.0,0.0,0,0,1,0.0,0.0,0.0,0,0,1,0.0,0.0,0.0,0,0,1,0.0,0.0,0.0,0,0,1,,,,,,0,1146.6322988399984,0.0,1146.6322988399984,1146.6322988399984,1146.6322988399984,1,390.61016999999975,0.0,390.61016999999975,390.61016999999975,390.61016999999975,1,18.97563000000001,0.0,18.97563000000001,18.97563000000001,18.97563000000001,1,365.72259606,0.0,365.72259606,365.72259606,365.72259606,1,1135.1981343099992,0.0,1135.1981343099992,1135.1981343099992,1135.1981343099992,1,386.71649,0.0,386.71649,386.71649,386.71649,1,18.786590000000004,0.0,18.786590000000004,18.786590000000004,18.786590000000004,1,362.07562707,0.0,362.07562707,362.07562707,362.07562707,1,146.07461761066764,0.0,146.07461761066764,146.07461761066764,146.07461761066764,1,49.76157681526271,0.0,49.76157681526271,49.76157681526271,49.76157681526271,1,2.4173903865918405,0.0,2.4173903865918405,2.4173903865918405,2.4173903865918405,1,46.59103744512591,0.0,46.59103744512591,46.59103744512591,46.59103744512591,1,7849.6340951999955,0.0,7849.6340951999955,7849.6340951999955,7849.6340951999955,1,7245.306310699999,0.0,7245.306310699999,7245.306310699999,7245.306310699999,1,104539.27,0.0,104539.27,104539.27,104539.27,1,744.0,0.0,744.0,744,744,1,90.2635752688174,0.0,90.2635752688174,90.2635752688174,90.2635752688174,1,99.0,0.0,99.0,99.0,99.0,1,101.29999999999995,0.0,101.29999999999995,101.29999999999995,101.29999999999995,1,11.20294357498664,0.0,11.20294357498664,11.20294357498664,11.20294357498664,1,0.0,0.0,0.0,0.0,0.0,1,0.0,0.0,0.0,0.0,0.0,1,0.0,0.0,0.0,0.0,0.0,1,0.0,0.0,0.0,0.0,0.0,1,156.6804888060451,0.0,156.6804888060451,156.6804888060451,156.6804888060451,1,53.37476062659906,0.0,53.37476062659906,53.37476062659906,53.37476062659906,1,2.592932471641072,0.0,2.592932471641072,2.592932471641072,2.592932471641072,1,49.973819124152165,0.0,49.973819124152165,49.973819124152165,49.973819124152165,1,13.317725225424857,0.0,13.317725225424857,13.317725225424857,13.317725225424857,1,27.854584352078263,0.0,27.854584352078263,27.854584352078263,27.854584352078263,1,40.30000000000018,0.0,40.30000000000018,40.30000000000018,40.30000000000018,1,0.0,0.0,0.0,0.0,0.0,1,1,1,1
safety,scenario_2,IDM,0.6,120,0.6,vehicle_type_assignment,1,,1,1,0,72,5268.0,0.0,5268.0,5268.0,5268.0,1,5310.0,0.0,5310.0,5310.0,5310.0,1,26.4251632155495,0.0,26.4251632155495,26.4251632155495,26.4251632155495,1,0.0592798775218087,0.0,0.0592798775218087,0.0592798775218087,0.0592798775218087,1,25.0,0.0,25.0,25,25,1,0.0,0.0,0.0,0,0,1,0.0,0.0,0.0,0,0,1,0.0,0.0,0.0,0,0,1,0.0,0.0,0.0,0,0,1,0.0,0.0,0.0,0,0,1,0.0,0.0,0.0,0,0,1,0.0,0.0,0.0,0,0,1,,,,,,0,0.0,0.0,0.0,0,0,1,0.0,0.0,0.0,0,0,1,,,,,,0,0.0,0.0,0.0,0,0,1,0.0,0.0,0.0,0,0,1,0.0,0.0,0.0,0,0,1,0.0,0.0,0.0,0,0,1,,,,,,0,1578.0137645100008,0.0,1578.0137645100008,1578.0137645100008,1578.0137645100008,1,525.8546099999999,0.0,525.8546099999999,525.8546099999999,525.8546099999999,1,29.55265000000002,0.0,29.55265000000002,29.55265000000002,29.55265000000002,1,503.3147407400003,0.0,503.3147407400003,503.3147407400003,503.3147407400003,1,1562.27545954,0.0,1562.27545954,1562.27545954,1562.27545954,1,520.61121,0.0,520.61121,520.61121,520.61121,1,29.25804000000001,0.0,29.25804000000001,29.25804000000001,29.25804000000001,1,498.29493589,0.0,498.29493589,498.29493589,498.29493589,1,153.67772929170215,0.0,153.67772929170215,153.67772929170215,153.67772929170215,1,51.21130386810478,0.0,51.21130386810478,51.21130386810478,51.21130386810478,1,2.878038359800151,0.0,2.878038359800151,2.878038359800151,2.878038359800151,1,49.016217865490496,0.0,49.016217865490496,49.016217865490496,49.016217865490496,1,10268.330823099986,0.0,10268.330823099986,10268.330823099986,10268.330823099986,1,9477.796466099991,0.0,9477.796466099991,9477.796466099991,9477.796466099991,1,78293.70999999995,0.0,78293.70999999995,78293.70999999995,78293.70999999995,1,2746.0,0.0,2746.0,2746,2746,1,75.84512017479916,0.0,75.84512017479916,75.84512017479916,75.84512017479916,1,71.30000000000018,0.0,71.30000000000018,71.30000000000018,71.30000000000018,1,82.60000000000014,0.0,82.60000000000014,82.60000000000014,82.60000000000014,1,5.481130964813643,0.0,5.481130964813643,5.481130964813643,5.481130964813643,1,0.0,0.0,0.0,0.0,0.0,1,0.0,0.0,0.0,0.0,0.0,1,0.0,0.0,0.0,0.0,0.0,1,0.0,0.0,0.0,0.0,0.0,1,164.83530376790827,0.0,164.83530376790827,164.83530376790827,164.83530376790827,1,54.92956214686743,0.0,54.92956214686743,54.92956214686743,54.92956214686743,1,3.0870086844183278,0.0,3.0870086844183278,3.0870086844183278,3.0870086844183278,1,52.57497749316437,0.0,52.57497749316437,52.57497749316437,52.57497749316437,1,7.624774790452578,0.0,7.624774790452578,7.624774790452578,7.624774790452578,1,15.66024236774603,0.0,15.66024236774603,15.66024236774603,15.66024236774603,1,22.0,0.0,22.0,22.0,22.0,1,0.0,0.0,0.0,0.0,0.0,1,1,1,1
safety,scenario_2,IDM,1.0,120,1.0,vehicle_type_assignment,1,,1,1,0,120,6276.0,0.0,6276.0,6276.0,6276.0,1,6300.0,0.0,6300.0,6300.0,6300.0,1,29.35000000000001,0.0,29.35000000000001,29.35000000000001,29.35000000000001,1,1.135959703518257e-28,0.0,1.135959703518257e-28,1.135959703518257e-28,1.135959703518257e-28,1,25.0,0.0,25.0,25,25,1,0.0,0.0,0.0,0,0,1,0.0,0.0,0.0,0,0,1,0.0,0.0,0.0,0,0,1,0.0,0.0,0.0,0,0,1,0.0,0.0,0.0,0,0,1,0.0,0.0,0.0,0,0,1,0.0,0.0,0.0,0,0,1,,,,,,0,0.0,0.0,0.0,0,0,1,0.0,0.0,0.0,0,0,1,,,,,,0,0.0,0.0,0.0,0,0,1,0.0,0.0,0.0,0,0,1,0.0,0.0,0.0,0,0,1,0.0,0.0,0.0,0,0,1,,,,,,0,2007.9731692800003,0.0,2007.9731692800003,2007.9731692800003,2007.9731692800003,1,674.088280000002,0.0,674.088280000002,674.088280000002,674.088280000002,1,42.45748000000004,0.0,42.45748000000004,42.45748000000004,42.45748000000004,1,640.4537644399995,0.0,640.4537644399995,640.4537644399995,640.4537644399995,1,1987.9393467600005,0.0,1987.9393467600005,1987.9393467600005,1987.9393467600005,1,667.3622400000003,0.0,667.3622400000003,667.3622400000003,667.3622400000003,1,42.03464000000007,0.0,42.03464000000007,42.03464000000007,42.03464000000007,1,634.0638698799993,0.0,634.0638698799993,634.0638698799993,634.0638698799993,1,164.05505811450007,0.0,164.05505811450007,164.05505811450007,164.05505811450007,1,55.07423786412304,0.0,55.07423786412304,55.07423786412304,55.07423786412304,1,3.468853297124884,0.0,3.468853297124884,3.468853297124884,3.468853297124884,1,52.32623680052923,0.0,52.32623680052923,52.32623680052923,52.32623680052923,1,12239.62974600004,0.0,12239.62974600004,12239.62974600004,12239.62974600004,1,11297.36795400004,0.0,11297.36795400004,11297.36795400004,11297.36795400004,1,49836.56000000001,0.0,49836.56000000001,49836.56000000001,49836.56000000001,1,5160.0,0.0,5160.0,5160,5160,1,68.83705426356906,0.0,68.83705426356906,68.83705426356906,68.83705426356906,1,68.80000000000018,0.0,68.80000000000018,68.80000000000018,68.80000000000018,1,68.90000000000009,0.0,68.90000000000009,68.90000000000009,68.90000000000009,1,0.0482950091435798,0.0,0.0482950091435798,0.0482950091435798,0.0482950091435798,1,0.0,0.0,0.0,0.0,0.0,1,0.0,0.0,0.0,0.0,0.0,1,0.0,0.0,0.0,0.0,0.0,1,0.0,0.0,0.0,0.0,0.0,1,175.96482250152204,0.0,175.96482250152204,175.96482250152204,175.96482250152204,1,59.07236470630385,0.0,59.07236470630385,59.07236470630385,59.07236470630385,1,3.7207462987090656,0.0,3.7207462987090656,3.7207462987090656,3.7207462987090656,1,56.124919756685216,0.0,56.124919756685216,56.124919756685216,56.124919756685216,1,4.071737547149807,0.0,4.071737547149807,4.071737547149807,4.071737547149807,1,8.23705426356673,0.0,8.23705426356673,8.23705426356673,8.23705426356673,1,8.300000000000182,0.0,8.300000000000182,8.300000000000182,8.300000000000182,1,0.0,0.0,0.0,0.0,0.0,1,1,1,1
safety,scenario_3,CACC,0.2,30,0.2,vehicle_type_assignment,1,,1,1,0,6,1354.8,0.0,1354.8,1354.8,1354.8,1,1680.0,0.0,1680.0,1680.0,1680.0,1,31.58653913625427,0.0,31.58653913625427,31.58653913625427,31.58653913625427,1,0.1115935584124862,0.0,0.1115935584124862,0.1115935584124862,0.1115935584124862,1,25.0,0.0,25.0,25,25,1,989.0,0.0,989.0,989,989,1,0.0,0.0,0.0,0,0,1,200.0,0.0,200.0,200,200,1,789.0,0.0,789.0,789,789,1,394.0,0.0,394.0,394,394,1,0.0,0.0,0.0,0,0,1,391.0,0.0,391.0,391,391,1,0.49,0.0,0.49,0.49,0.49,1,30.0,0.0,30.0,30,30,1,80.0,0.0,80.0,80,80,1,4.42,0.0,4.42,4.42,4.42,1,13.0,0.0,13.0,13,13,1,6.0,0.0,6.0,6,6,1,1133.0,0.0,1133.0,1133,1133,1,0.0,0.0,0.0,0,0,1,0.0,0.0,0.0,0.0,0.0,1,534.7163287100003,0.0,534.7163287100003,534.7163287100003,534.7163287100003,1,203.52774000000025,0.0,203.52774000000025,203.52774000000025,203.52774000000025,1,12.338760000000011,0.0,12.338760000000011,12.338760000000011,12.338760000000011,1,170.54990076000007,0.0,170.54990076000007,170.54990076000007,170.54990076000007,1,524.5643081600003,0.0,524.5643081600003,524.5643081600003,524.5643081600003,1,199.54107000000013,0.0,199.54107000000013,199.54107000000013,199.54107000000013,1,12.113970000000007,0.0,12.113970000000007,12.113970000000007,12.113970000000007,1,167.31187839999998,0.0,167.31187839999998,167.31187839999998,167.31187839999998,1,202.8996461654268,0.0,202.8996461654268,202.8996461654268,202.8996461654268,1,77.2291852962012,0.0,77.2291852962012,77.2291852962012,77.2291852962012,1,4.681977908099187,0.0,4.681977908099187,4.681977908099187,4.681977908099187,1,64.71564951314625,0.0,64.71564951314625,64.71564951314625,64.71564951314625,1,2635.373391799997,0.0,2635.373391799997,2635.373391799997,2635.373391799997,1,2420.9303385000007,0.0,2420.9303385000007,2420.9303385000007,2420.9303385000007,1,23292.72000000001,0.0,23292.72000000001,23292.72000000001,23292.72000000001,1,224.0,0.0,224.0,224,224,1,77.99999999999999,0.0,77.99999999999999,77.99999999999999,77.99999999999999,1,69.40000000000009,0.0,69.40000000000009,69.40000000000009,69.40000000000009,1,125.69999999999982,0.0,125.69999999999982,125.69999999999982,125.69999999999982,1,18.66643999649791,0.0,18.66643999649791,18.66643999649791,18.66643999649791,1,148.3660726091423,0.0,148.3660726091423,148.3660726091423,148.3660726091423,1,161.50815815801712,0.0,161.50815815801712,161.50815815801712,161.50815815801712,1,4.932887324600639,0.0,4.932887324600639,4.932887324600639,4.932887324600639,1,429.92010298250176,0.0,429.92010298250176,429.92010298250176,429.92010298250176,1,216.67881137175488,0.0,216.67881137175488,216.67881137175488,216.67881137175488,1,82.42330100404088,0.0,82.42330100404088,82.42330100404088,82.42330100404088,1,5.003849060566433,0.0,5.003849060566433,5.003849060566433,5.003849060566433,1,69.11057114665505,0.0,69.11057114665505,69.11057114665505,69.11057114665505,1,8.838489480267063,0.0,8.838489480267063,8.838489480267063,8.838489480267063,1,17.678030993618954,0.0,17.678030993618954,17.678030993618954,17.678030993618954,1,63.20000000000027,0.0,63.20000000000027,63.20000000000027,63.20000000000027,1,30.35622968985008,0.0,30.35622968985008,30.35622968985008,30.35622968985008,1,1,1,1
safety,scenario_3,CACC,0.6,30,0.6,vehicle_type_assignment,1,,1,1,0,18,1554.0,0.0,1554.0,1554.0,1554.0,1,1710.0,0.0,1710.0,1710.0,1710.0,1,32.44370804837028,0.0,32.44370804837028,32.44370804837028,32.44370804837028,1,0.0566104547006642,0.0,0.0566104547006642,0.0566104547006642,0.0566104547006642,1,25.0,0.0,25.0,25,25,1,688.0,0.0,688.0,688,688,1,0.0,0.0,0.0,0,0,1,76.0,0.0,76.0,76,76,1,612.0,0.0,612.0,612,612,1,306.0,0.0,306.0,306,306,1,0.0,0.0,0.0,0,0,1,301.0,0.0,301.0,301,301,1,0.47,0.0,0.47,0.47,0.47,1,30.0,0.0,30.0,30,30,1,148.0,0.0,148.0,148,148,1,4.52,0.0,4.52,4.52,4.52,1,18.0,0.0,18.0,18,18,1,12.0,0.0,12.0,12,12,1,1298.0,0.0,1298.0,1298,1298,1,0.0,0.0,0.0,0,0,1,0.0,0.0,0.0,0.0,0.0,1,600.89901896,0.0,600.89901896,600.89901896,600.89901896,1,223.40685,0.0,223.40685,223.40685,223.40685,1,14.351279999999996,0.0,14.351279999999996,14.351279999999996,14.351279999999996,1,191.65946307000016,0.0,191.65946307000016,191.65946307000016,191.65946307000016,1,589.4295920100001,0.0,589.4295920100001,589.4295920100001,589.4295920100001,1,218.94035000000005,0.0,218.94035000000005,218.94035000000005,218.94035000000005,1,14.086329999999997,0.0,14.086329999999997,14.086329999999997,14.086329999999997,1,188.0012480600001,0.0,188.0012480600001,188.0012480600001,188.0012480600001,1,198.55522368406875,0.0,198.55522368406875,198.55522368406875,198.55522368406875,1,73.82038524721906,0.0,73.82038524721906,73.82038524721906,73.82038524721906,1,4.742097291961771,0.0,4.742097291961771,4.742097291961771,4.742097291961771,1,63.33008768577404,0.0,63.33008768577404,63.33008768577404,63.33008768577404,1,3026.3571403999968,0.0,3026.3571403999968,3026.3571403999968,3026.3571403999968,1,2780.9855482,0.0,2780.9855482,2780.9855482,2780.9855482,1,12322.389999999985,0.0,12322.389999999985,12322.389999999985,12322.389999999985,1,767.0,0.0,767.0,767,767,1,68.54093872229464,0.0,68.54093872229464,68.54093872229464,68.54093872229464,1,64.60000000000002,0.0,64.60000000000002,64.60000000000002,64.60000000000002,1,89.10000000000014,0.0,89.10000000000014,89.10000000000014,89.10000000000014,1,10.374608867707448,0.0,10.374608867707448,10.374608867707448,10.374608867707448,1,99.4595105719137,0.0,99.4595105719137,99.4595105719137,99.4595105719137,1,108.23501049648496,0.0,108.23501049648496,108.23501049648496,108.23501049648496,1,5.947744818253976,0.0,5.947744818253976,5.947744818253976,5.947744818253976,1,428.8984874496478,0.0,428.8984874496478,428.8984874496478,428.8984874496478,1,211.94989394731297,0.0,211.94989394731297,211.94989394731297,211.94989394731297,1,78.7276115626382,0.0,78.7276115626382,78.7276115626382,78.7276115626382,1,5.0652294864018295,0.0,5.0652294864018295,5.0652294864018295,5.0652294864018295,1,67.60238224958933,0.0,67.60238224958933,67.60238224958933,67.60238224958933,1,4.071690626166918,0.0,4.071690626166918,4.071690626166918,4.071690626166918,1,8.460983346550389,0.0,8.460983346550389,8.460983346550389,8.460983346550389,1,31.90000000000009,0.0,31.90000000000009,31.90000000000009,31.90000000000009,1,48.90367961675491,0.0,48.90367961675491,48.90367961675491,48.90367961675491,1,1,1,1
safety,scenario_3,CACC,1.0,30,1.0,vehicle_type_assignment,1,,1,1,0,30,1782.0,0.0,1782.0,1782.0,1782.0,1,1800.0,0.0,1800.0,1800.0,1800.0,1,33.33000000000001,0.0,33.33000000000001,33.33000000000001,33.33000000000001,1,2.0194839173657902e-28,0.0,2.0194839173657902e-28,2.0194839173657902e-28,2.0194839173657902e-28,1,25.0,0.0,25.0,25,25,1,0.0,0.0,0.0,0,0,1,0.0,0.0,0.0,0,0,1,0.0,0.0,0.0,0,0,1,0.0,0.0,0.0,0,0,1,0.0,0.0,0.0,0,0,1,0.0,0.0,0.0,0,0,1,0.0,0.0,0.0,0,0,1,,,,,,0,0.0,0.0,0.0,0,0,1,0.0,0.0,0.0,0,0,1,,,,,,0,0.0,0.0,0.0,0,0,1,0.0,0.0,0.0,0,0,1,1486.0,0.0,1486.0,1486,1486,1,0.0,0.0,0.0,0,0,1,0.0,0.0,0.0,0.0,0.0,1,631.8535021899993,0.0,631.8535021899993,631.8535021899993,631.8535021899993,1,222.18248000000037,0.0,222.18248000000037,222.18248000000037,222.18248000000037,1,15.64711999999994,0.0,15.64711999999994,15.64711999999994,15.64711999999994,1,201.5334692899999,0.0,201.5334692899999,201.5334692899999,201.5334692899999,1,622.1353191300001,0.0,622.1353191300001,622.1353191300001,622.1353191300001,1,218.7653400000001,0.0,218.7653400000001,218.7653400000001,218.7653400000001,1,15.40594999999999,0.0,15.40594999999999,15.40594999999999,15.40594999999999,1,198.43379649000008,0.0,198.43379649000008,198.43379649000008,198.43379649000008,1,182.2938631352403,0.0,182.2938631352403,182.2938631352403,182.2938631352403,1,64.10109694697736,0.0,64.10109694697736,64.10109694697736,64.10109694697736,1,4.514296339031696,0.0,4.514296339031696,4.514296339031696,4.514296339031696,1,58.14372246191037,0.0,58.14372246191037,58.14372246191037,58.14372246191037,1,3466.126019400003,0.0,3466.126019400003,3466.126019400003,3466.126019400003,1,3187.228245300002,0.0,3187.228245300002,3187.228245300002,3187.228245300002,1,0.0,0.0,0.0,0.0,0.0,1,1470.0,0.0,1470.0,1470,1470,1,60.60156462585098,0.0,60.60156462585098,60.60156462585098,60.60156462585098,1,60.59999999999991,0.0,60.59999999999991,60.59999999999991,60.59999999999991,1,60.60000000000037,0.0,60.60000000000037,60.60000000000037,60.60000000000037,1,0.0124102591021548,0.0,0.0124102591021548,0.0124102591021548,0.0124102591021548,1,0.0,0.0,0.0,0.0,0.0,1,0.0,0.0,0.0,0.0,0.0,1,0.0,0.0,0.0,0.0,0.0,1,428.72070769580137,0.0,428.72070769580137,428.72070769580137,428.72070769580137,1,195.1963496958282,0.0,195.1963496958282,195.1963496958282,195.1963496958282,1,68.63811536641566,0.0,68.63811536641566,68.63811536641566,68.63811536641566,1,4.833651315282531,0.0,4.833651315282531,4.833651315282531,4.833651315282531,1,62.25904805613387,0.0,62.25904805613387,62.25904805613387,62.25904805613387,1,0.0,0.0,0.0,0.0,0.0,1,0.0015646258504312,0.0,0.0015646258504312,0.0015646258504312,0.0015646258504312,1,4.547473508864641e-13,0.0,4.547473508864641e-13,4.547473508864641e-13,4.547473508864641e-13,1,0.0,0.0,0.0,0.0,0.0,1,1,1,1
safety,scenario_3,CACC,0.2,60,0.2,vehicle_type_assignment,1,,1,1,0,12,1176.0,0.0,1176.0,1176.0,1176.0,1,1560.0,0.0,1560.0,1560.0,1560.0,1,31.30600060989007,0.0,31.30600060989007,31.30600060989007,31.30600060989007,1,0.1622971408079155,0.0,0.1622971408079155,0.1622971408079155,0.1622971408079155,1,25.0,0.0,25.0,25,25,1,5571.0,0.0,5571.0,5571,5571,1,0.0,0.0,0.0,0,0,1,844.0,0.0,844.0,844,844,1,4727.0,0.0,4727.0,4727,4727,1,2359.0,0.0,2359.0,2359,2359,1,0.0,0.0,0.0,0,0,1,2289.0,0.0,2289.0,2289,2289,1,0.48,0.0,0.48,0.48,0.48,1,60.0,0.0,60.0,60,60,1,683.0,0.0,683.0,683,683,1,4.52,0.0,4.52,4.52,4.52,1,42.0,0.0,42.0,42,42,1,11.0,0.0,11.0,11,11,1,977.0,0.0,977.0,977,977,1,0.0,0.0,0.0,0,0,1,0.0,0.0,0.0,0.0,0.0,1,648.7110841199997,0.0,648.7110841199997,648.7110841199997,648.7110841199997,1,262.79608,0.0,262.79608,262.79608,262.79608,1,14.63123000000002,0.0,14.63123000000002,14.63123000000002,14.63123000000002,1,206.91187134999987,0.0,206.91187134999987,206.91187134999987,206.91187134999987,1,635.9819114199995,0.0,635.9819114199995,635.9819114199995,635.9819114199995,1,257.53076000000004,0.0,257.53076000000004,257.53076000000004,257.53076000000004,1,14.354280000000008,0.0,14.354280000000008,14.354280000000008,14.354280000000008,1,202.8518320799999,0.0,202.8518320799999,202.8518320799999,202.8518320799999,1,282.0867808995342,0.0,282.0867808995342,282.0867808995342,282.0867808995342,1,114.27475505644902,0.0,114.27475505644902,114.27475505644902,114.27475505644902,1,6.362272315570959,0.0,6.362272315570959,6.362272315570959,6.362272315570959,1,89.97395781852123,0.0,89.97395781852123,89.97395781852123,89.97395781852123,1,2299.6862243999994,0.0,2299.6862243999994,2299.6862243999994,2299.6862243999994,1,2112.279842,0.0,2112.279842,2112.279842,2112.279842,1,137412.80000000005,0.0,137412.80000000005,137412.80000000005,137412.80000000005,1,153.0,0.0,153.0,153,153,1,212.7601307189543,0.0,212.7601307189543,212.7601307189543,212.7601307189543,1,223.19999999999985,0.0,223.19999999999985,223.19999999999985,223.19999999999985,1,295.9000000000001,0.0,295.9000000000001,295.9000000000001,295.9000000000001,1,57.50516923609391,0.0,57.50516923609391,57.50516923609391,57.50516923609391,1,995.3531815398914,0.0,995.3531815398914,995.3531815398914,995.3531815398914,1,1083.6632317774115,0.0,1083.6632317774115,1083.6632317774115,1083.6632317774115,1,18.26336112917232,0.0,18.26336112917232,18.26336112917232,18.26336112917232,1,424.84056721907984,0.0,424.84056721907984,424.84056721907984,424.84056721907984,1,301.0879045353308,0.0,301.0879045353308,301.0879045353308,301.0879045353308,1,121.9207582628628,0.0,121.9207582628628,121.9207582628628,121.9207582628628,1,6.795633663013486,0.0,6.795633663013486,6.795633663013486,6.795633663013486,1,96.0345443092099,0.0,96.0345443092099,96.0345443092099,96.0345443092099,1,59.75284738501741,0.0,59.75284738501741,59.75284738501741,59.75284738501741,1,120.03268186753532,0.0,120.03268186753532,120.03268186753532,120.03268186753532,1,231.5999999999999,0.0,231.5999999999999,231.5999999999999,231.5999999999999,1,296.99703931487363,0.0,296.99703931487363,296.99703931487363,296.99703931487363,1,1,1,1
safety,scenario_3,CACC,0.6,60,0.6,vehicle_type_assignment,1,,1,1,0,36,1258.8,0.0,1258.8,1258.8,1258.8,1,1890.0,0.0,1890.0,1890.0,1890.0,1,32.36587638999586,0.0,32.36587638999586,32.36587638999586,32.36587638999586,1,0.11433105425972,0.0,0.11433105425972,0.11433105425972,0.11433105425972,1,25.0,0.0,25.0,25,25,1,5030.0,0.0,5030.0,5030,5030,1,0.0,0.0,0.0,0,0,1,782.0,0.0,782.0,782,782,1,4248.0,0.0,4248.0,4248,4248,1,2123.0,0.0,2123.0,2123,2123,1,0.0,0.0,0.0,0,0,1,2044.0,0.0,2044.0,2044,2044,1,0.47,0.0,0.47,0.47,0.47,1,60.0,0.0,60.0,60,60,1,506.0,0.0,506.0,506,506,1,4.53,0.0,4.53,4.53,4.53,1,31.0,0.0,31.0,31,31,1,22.0,0.0,22.0,22,22,1,1054.0,0.0,1054.0,1054,1054,1,0.0,0.0,0.0,0,0,1,0.0,0.0,0.0,0.0,0.0,1,677.4371780899997,0.0,677.4371780899997,677.4371780899997,677.4371780899997,1,271.58320999999995,0.0,271.58320999999995,271.58320999999995,271.58320999999995,1,15.411439999999994,0.0,15.411439999999994,15.411439999999994,15.411439999999994,1,216.07409597000012,0.0,216.07409597000012,216.07409597000012,216.07409597000012,1,663.1853180600001,0.0,663.1853180600001,663.1853180600001,663.1853180600001,1,265.67613,0.0,265.67613,265.67613,265.67613,1,15.100969999999991,0.0,15.100969999999991,15.100969999999991,15.100969999999991,1,211.52838567000003,0.0,211.52838567000003,211.52838567000003,211.52838567000003,1,275.6254370767474,0.0,275.6254370767474,275.6254370767474,275.6254370767474,1,110.49768654564646,0.0,110.49768654564646,110.49768654564646,110.49768654564646,1,6.27037461681463,0.0,6.27037461681463,6.27037461681463,6.27037461681463,1,87.91297417512301,0.0,87.91297417512301,87.91297417512301,87.91297417512301,1,2457.818063799999,0.0,2457.818063799999,2457.818063799999,2457.818063799999,1,2258.595059,0.0,2258.595059,2258.595059,2258.595059,1,132931.8700000001,0.0,132931.8700000001,132931.8700000001,132931.8700000001,1,559.0,0.0,559.0,559,559,1,180.13667262969605,0.0,180.13667262969605,180.13667262969605,180.13667262969605,1,190.29999999999973,0.0,190.29999999999973,190.29999999999973,190.29999999999973,1,230.80000000000015,0.0,230.80000000000015,230.80000000000015,230.80000000000015,1,42.78462679726034,0.0,42.78462679726034,42.78462679726034,42.78462679726034,1,831.6319381426466,0.0,831.6319381426466,831.6319381426466,831.6319381426466,1,904.9873689642212,0.0,904.9873689642212,904.9873689642212,904.9873689642212,1,12.612813151869885,0.0,12.612813151869885,12.612813151869885,12.612813151869885,1,428.835647163576,0.0,428.835647163576,428.835647163576,428.835647163576,1,293.62736601116427,0.0,293.62736601116427,293.62736601116427,293.62736601116427,1,117.62893438615284,0.0,117.62893438615284,117.62893438615284,117.62893438615284,1,6.686001521089839,0.0,6.686001521089839,6.686001521089839,6.686001521089839,1,93.65485186337692,0.0,93.65485186337692,93.65485186337692,93.65485186337692,1,54.08531736253739,0.0,54.08531736253739,54.08531736253739,54.08531736253739,1,107.84894684052146,0.0,107.84894684052146,107.84894684052146,107.84894684052146,1,168.4000000000001,0.0,168.4000000000001,168.4000000000001,168.4000000000001,1,205.87365983374715,0.0,205.87365983374715,205.87365983374715,205.87365983374715,1,1,1,1
safety,scenario_3,CACC,1.0,60,1.0,vehicle_type_assignment,1,,1,1,0,60,3564.0,0.0,3564.0,3564.0,3564.0,1,3570.0,0.0,3570.0,3570.0,3570.0,1,33.33000000000001,0.0,33.33000000000001,33.33000000000001,33.33000000000001,1,2.0194839173657902e-28,0.0,2.0194839173657902e-28,2.0194839173657902e-28,2.0194839173657902e-28,1,25.0,0.0,25.0,25,25,1,0.0,0.0,0.0,0,0,1,0.0,0.0,0.0,0,0,1,0.0,0.0,0.0,0,0,1,0.0,0.0,0.0,0,0,1,0.0,0.0,0.0,0,0,1,0.0,0.0,0.0,0,0,1,0.0,0.0,0.0,0,0,1,,,,,,0,0.0,0.0,0.0,0,0,1,0.0,0.0,0.0,0,0,1,,,,,,0,0.0,0.0,0.0,0,0,1,0.0,0.0,0.0,0,0,1,2970.0,0.0,2970.0,2970,2970,1,0.0,0.0,0.0,0,0,1,0.0,0.0,0.0,0.0,0.0,1,1263.7616305999995,0.0,1263.7616305999995,1263.7616305999995,1263.7616305999995,1,444.400249999998,0.0,444.400249999998,444.400249999998,444.400249999998,1,31.29556999999993,0.0,31.29556999999993,31.29556999999993,31.29556999999993,1,403.0843613300001,0.0,403.0843613300001,403.0843613300001,403.0843613300001,1,1244.3227796399997,0.0,1244.3227796399997,1244.3227796399997,1244.3227796399997,1,437.5640500000002,0.0,437.5640500000002,437.5640500000002,437.5640500000002,1,30.813130000000022,0.0,30.813130000000022,30.813130000000022,30.813130000000022,1,396.8842231799999,0.0,396.8842231799999,396.8842231799999,396.8842231799999,1,182.32683299928752,0.0,182.32683299928752,182.32683299928752,182.32683299928752,1,64.11501046136547,0.0,64.11501046136547,64.11501046136547,64.11501046136547,1,4.515109516577454,0.0,4.515109516577454,4.515109516577454,4.515109516577454,1,58.1542383099152,0.0,58.1542383099152,58.1542383099152,58.1542383099152,1,6931.298097000006,0.0,6931.298097000006,6931.298097000006,6931.298097000006,1,6373.853323400003,0.0,6373.853323400003,6373.853323400003,6373.853323400003,1,8.049999999999999,0.0,8.049999999999999,8.049999999999999,8.049999999999999,1,2939.0,0.0,2939.0,2939,2939,1,60.60173528411364,0.0,60.60173528411364,60.60173528411364,60.60173528411364,1,60.59999999999991,0.0,60.59999999999991,60.59999999999991,60.59999999999991,1,60.60000000000037,0.0,60.60000000000037,60.60000000000037,60.60000000000037,1,0.0130582234657326,0.0,0.0130582234657326,0.0130582234657326,0.0130582234657326,1,0.0,0.0,0.0,0.0,0.0,1,0.0,0.0,0.0,0.0,0.0,1,0.0,0.0,0.0,0.0,0.0,1,428.49116549834594,0.0,428.49116549834594,428.49116549834594,428.49116549834594,1,195.2230019275437,0.0,195.2230019275437,195.2230019275437,195.2230019275437,1,68.64984614465375,0.0,68.64984614465375,68.64984614465375,68.64984614465375,1,4.834301706767765,0.0,4.834301706767765,4.834301706767765,4.834301706767765,1,62.26754885038522,0.0,62.26754885038522,62.26754885038522,62.26754885038522,1,0.0011613986135561,0.0,0.0011613986135561,0.0011613986135561,0.0011613986135561,1,0.0017352841103331,0.0,0.0017352841103331,0.0017352841103331,0.0017352841103331,1,4.547473508864641e-13,0.0,4.547473508864641e-13,4.547473508864641e-13,4.547473508864641e-13,1,0.0,0.0,0.0,0.0,0.0,1,1,1,1
safety,scenario_3,CACC,0.2,120,0.2,vehicle_type_assignment,1,,1,1,0,24,1276.8,0.0,1276.8,1276.8,1276.8,1,1560.0,0.0,1560.0,1560.0,1560.0,1,30.71174072014197,0.0,30.71174072014197,30.71174072014197,30.71174072014197,1,0.1450630791982617,0.0,0.1450630791982617,0.1450630791982617,0.1450630791982617,1,25.0,0.0,25.0,25,25,1,5515.0,0.0,5515.0,5515,5515,1,0.0,0.0,0.0,0,0,1,795.0,0.0,795.0,795,795,1,4720.0,0.0,4720.0,4720,4720,1,2355.0,0.0,2355.0,2355,2355,1,0.0,0.0,0.0,0,0,1,2239.0,0.0,2239.0,2239,2239,1,0.47,0.0,0.47,0.47,0.47,1,120.0,0.0,120.0,120,120,1,432.0,0.0,432.0,432,432,1,4.51,0.0,4.51,4.51,4.51,1,37.0,0.0,37.0,37,37,1,20.0,0.0,20.0,20,20,1,1345.0,0.0,1345.0,1345,1345,1,0.0,0.0,0.0,0,0,1,0.0,0.0,0.0,0.0,0.0,1,914.9939728600004,0.0,914.9939728600004,914.9939728600004,914.9939728600004,1,383.11317000000014,0.0,383.11317000000014,383.11317000000014,383.11317000000014,1,20.355640000000005,0.0,20.355640000000005,20.355640000000005,20.355640000000005,1,291.84907123,0.0,291.84907123,291.84907123,291.84907123,1,899.0991800600003,0.0,899.0991800600003,899.0991800600003,899.0991800600003,1,376.43003000000016,0.0,376.43003000000016,376.43003000000016,376.43003000000016,1,20.00962,0.0,20.00962,20.00962,20.00962,1,286.77929810000006,0.0,286.77929810000006,286.77929810000006,286.77929810000006,1,366.7447622235912,0.0,366.7447622235912,366.7447622235912,366.7447622235912,1,153.55811360942636,0.0,153.55811360942636,153.55811360942636,153.55811360942636,1,8.158878170939888,0.0,8.158878170939888,8.158878170939888,8.158878170939888,1,116.97794893540696,0.0,116.97794893540696,116.97794893540696,116.97794893540696,1,2494.9067229000025,0.0,2494.9067229000025,2494.9067229000025,2494.9067229000025,1,2291.2834673000016,0.0,2291.2834673000016,2291.2834673000016,2291.2834673000016,1,337891.48,0.0,337891.48,337891.48,337891.48,1,181.0,0.0,181.0,181,181,1,350.79779005524864,0.0,350.79779005524864,350.79779005524864,350.79779005524864,1,353.70000000000005,0.0,353.70000000000005,353.70000000000005,353.70000000000005,1,467.5999999999999,0.0,467.5999999999999,467.5999999999999,467.5999999999999,1,78.67820744404294,0.0,78.67820744404294,78.67820744404294,78.67820744404294,1,897.4283404861948,0.0,897.4283404861948,897.4283404861948,897.4283404861948,1,977.1815805219372,0.0,977.1815805219372,977.1815805219372,977.1815805219372,1,14.83021375524306,0.0,14.83021375524306,14.83021375524306,14.83021375524306,1,539.0983108324841,0.0,539.0983108324841,539.0983108324841,539.0983108324841,1,392.3998025087132,0.0,392.3998025087132,392.3998025087132,392.3998025087132,1,164.28784799969645,0.0,164.28784799969645,164.28784799969645,164.28784799969645,1,8.732930816097976,0.0,8.732930816097976,8.732930816097976,8.732930816097976,1,125.1609860555292,0.0,125.1609860555292,125.1609860555292,125.1609860555292,1,135.4325101209577,0.0,135.4325101209577,135.4325101209577,135.4325101209577,1,269.0178010471203,0.0,269.0178010471203,269.0178010471203,269.0178010471203,1,401.0999999999999,0.0,401.0999999999999,401.0999999999999,401.0999999999999,1,173.1527660071622,0.0,173.1527660071622,173.1527660071622,173.1527660071622,1,1,1,1
safety,scenario_3,CACC,0.6,120,0.6,vehicle_type_assignment,1,,1,1,0,72,1508.4,0.0,1508.4,1508.4,1508.4,1,1740.0,0.0,1740.0,1740.0,1740.0,1,31.914456382022856,0.0,31.914456382022856,31.914456382022856,31.914456382022856,1,0.1992041722009526,0.0,0.1992041722009526,0.1992041722009526,0.1992041722009526,1,25.0,0.0,25.0,25,25,1,10174.0,0.0,10174.0,10174,10174,1,0.0,0.0,0.0,0,0,1,1570.0,0.0,1570.0,1570,1570,1,8604.0,0.0,8604.0,8604,8604,1,4277.0,0.0,4277.0,4277,4277,1,0.0,0.0,0.0,0,0,1,4129.0,0.0,4129.0,4129,4129,1,0.47,0.0,0.47,0.47,0.47,1,120.0,0.0,120.0,120,120,1,1201.0,0.0,1201.0,1201,1201,1,4.53,0.0,4.53,4.53,4.53,1,65.0,0.0,65.0,65,65,1,37.0,0.0,37.0,37,37,1,1679.0,0.0,1679.0,1679,1679,1,0.0,0.0,0.0,0,0,1,0.0,0.0,0.0,0.0,0.0,1,1074.6608406599985,0.0,1074.6608406599985,1074.6608406599985,1074.6608406599985,1,446.1547300000001,0.0,446.1547300000001,446.1547300000001,446.1547300000001,1,24.086700000000008,0.0,24.086700000000008,24.086700000000008,24.086700000000008,1,342.77647587,0.0,342.77647587,342.77647587,342.77647587,1,1055.2432655499997,0.0,1055.2432655499997,1055.2432655499997,1055.2432655499997,1,437.9948299999999,0.0,437.9948299999999,437.9948299999999,437.9948299999999,1,23.661000000000023,0.0,23.661000000000023,23.661000000000023,23.661000000000023,1,336.5830895400001,0.0,336.5830895400001,336.5830895400001,336.5830895400001,1,365.1694338284764,0.0,365.1694338284764,365.1694338284764,365.1694338284764,1,151.60324447473013,0.0,151.60324447473013,151.60324447473013,151.60324447473013,1,8.184653491602527,0.0,8.184653491602527,8.184653491602527,8.184653491602527,1,116.47534448756385,0.0,116.47534448756385,116.47534448756385,116.47534448756385,1,2942.910170199999,0.0,2942.910170199999,2942.910170199999,2942.910170199999,1,2702.824900699999,0.0,2702.824900699999,2702.824900699999,2702.824900699999,1,327775.7,0.0,327775.7,327775.7,327775.7,1,660.0,0.0,660.0,660,660,1,293.1562121212121,0.0,293.1562121212121,293.1562121212121,293.1562121212121,1,273.54999999999995,0.0,273.54999999999995,273.54999999999995,273.54999999999995,1,398.8999999999999,0.0,398.8999999999999,398.8999999999999,398.8999999999999,1,71.55092385031655,0.0,71.55092385031655,71.55092385031655,71.55092385031655,1,1403.0329711760774,0.0,1403.0329711760774,1403.0329711760774,1403.0329711760774,1,1527.660929470732,0.0,1527.660929470732,1527.660929470732,1527.660929470732,1,22.08698065547228,0.0,22.08698065547228,22.08698065547228,22.08698065547228,1,570.5237003159684,0.0,570.5237003159684,570.5237003159684,570.5237003159684,1,390.42235598639934,0.0,390.42235598639934,390.42235598639934,390.42235598639934,1,162.05076025700538,0.0,162.05076025700538,162.05076025700538,162.05076025700538,1,8.754174195254791,0.0,8.754174195254791,8.754174195254791,8.754174195254791,1,124.5301127175605,0.0,124.5301127175605,124.5301127175605,124.5301127175605,1,111.37808531129052,0.0,111.37808531129052,111.37808531129052,111.37808531129052,1,223.33799472295493,0.0,223.33799472295493,223.33799472295493,223.33799472295493,1,338.7000000000003,0.0,338.7000000000003,338.7000000000003,338.7000000000003,1,408.0994425726493,0.0,408.0994425726493,408.0994425726493,408.0994425726493,1,1,1,1
safety,scenario_3,CACC,1.0,120,1.0,vehicle_type_assignment,1,,1,1,0,120,1536.0,0.0,1536.0,1536.0,1536.0,1,1680.0,0.0,1680.0,1680.0,1680.0,1,33.33000000000001,0.0,33.33000000000001,33.33000000000001,33.33000000000001,1,2.0194839173657902e-28,0.0,2.0194839173657902e-28,2.0194839173657902e-28,2.0194839173657902e-28,1,25.0,0.0,25.0,25,25,1,21324.0,0.0,21324.0,21324,21324,1,0.0,0.0,0.0,0,0,1,2991.0,0.0,2991.0,2991,2991,1,18333.0,0.0,18333.0,18333,18333,1,9073.0,0.0,9073.0,9073,9073,1,0.0,0.0,0.0,0,0,1,8999.0,0.0,8999.0,8999,8999,1,0.47,0.0,0.47,0.47,0.47,1,120.0,0.0,120.0,120,120,1,4841.0,0.0,4841.0,4841,4841,1,4.53,0.0,4.53,4.53,4.53,1,0.0,0.0,0.0,0,0,1,0.0,0.0,0.0,0,0,1,2239.0,0.0,2239.0,2239,2239,1,0.0,0.0,0.0,0,0,1,0.0,0.0,0.0,0.0,0.0,1,1197.4951649400004,0.0,1197.4951649400004,1197.4951649400004,1197.4951649400004,1,501.83214000000015,0.0,501.83214000000015,501.83214000000015,501.83214000000015,1,27.81937999999997,0.0,27.81937999999997,27.81937999999997,27.81937999999997,1,381.95512129,0.0,381.95512129,381.95512129,381.95512129,1,1172.87906032,0.0,1172.87906032,1172.87906032,1172.87906032,1,491.26619,0.0,491.26619,491.26619,491.26619,1,27.25522000000001,0.0,27.25522000000001,27.25522000000001,27.25522000000001,1,374.10363773000006,0.0,374.10363773000006,374.10363773000006,374.10363773000006,1,399.9770869286373,0.0,399.9770869286373,399.9770869286373,399.9770869286373,1,167.61767676483365,0.0,167.61767676483365,167.61767676483365,167.61767676483365,1,9.291991231645849,0.0,9.291991231645849,9.291991231645849,9.291991231645849,1,127.577380872935,0.0,127.577380872935,127.577380872935,127.577380872935,1,2993.909411499999,0.0,2993.909411499999,2993.909411499999,2993.909411499999,1,2749.624118200001,0.0,2749.624118200001,2749.624118200001,2749.624118200001,1,328363.77,0.0,328363.77,328363.77,328363.77,1,1158.0,0.0,1158.0,1158,1158,1,276.4407599309154,0.0,276.4407599309154,276.4407599309154,276.4407599309154,1,198.15,0.0,198.15,198.15,198.15,1,487.0999999999999,0.0,487.0999999999999,487.0999999999999,487.0999999999999,1,122.29752028623366,0.0,122.29752028623366,122.29752028623366,122.29752028623366,1,3005.76896730197,0.0,3005.76896730197,3005.76896730197,3005.76896730197,1,3272.810978211471,0.0,3272.810978211471,3272.810978211471,3272.810978211471,1,0.0,0.0,0.0,0.0,0.0,1,747.8516188231036,0.0,747.8516188231036,747.8516188231036,747.8516188231036,1,426.55978050112793,0.0,426.55978050112793,426.55978050112793,426.55978050112793,1,178.66667183643986,0.0,178.66667183643986,178.66667183643986,178.66667183643986,1,9.9123439526135,0.0,9.9123439526135,9.9123439526135,9.9123439526135,1,136.05628320386614,0.0,136.05628320386614,136.05628320386614,136.05628320386614,1,109.677256345403,0.0,109.677256345403,109.677256345403,109.677256345403,1,215.8407599309155,0.0,215.8407599309155,215.8407599309155,215.8407599309155,1,426.5,0.0,426.5,426.5,426.5,1,1616.9493911222178,0.0,1616.9493911222178,1616.9493911222178,1616.9493911222178,1,1,1,1
safety,scenario_3,IDM,0.0,30,0.0,vehicle_type_assignment,1,,1,1,0,0,1437.6,0.0,1437.6,1437.6,1437.6,1,1650.0,0.0,1650.0,1650.0,1650.0,1,30.668722964304184,0.0,30.668722964304184,30.668722964304184,30.668722964304184,1,0.1663104444839685,0.0,0.1663104444839685,0.1663104444839685,0.1663104444839685,1,25.0,0.0,25.0,25,25,1,392.0,0.0,392.0,392,392,1,0.0,0.0,0.0,0,0,1,168.0,0.0,168.0,168,168,1,224.0,0.0,224.0,224,224,1,112.0,0.0,112.0,112,112,1,0.0,0.0,0.0,0,0,1,111.0,0.0,111.0,111,111,1,1.29,0.0,1.29,1.29,1.29,1,30.0,0.0,30.0,30,30,1,10.0,0.0,10.0,10,10,1,4.13,0.0,4.13,4.13,4.13,1,0.0,0.0,0.0,0,0,1,0.0,0.0,0.0,0,0,1,1201.0,0.0,1201.0,1201,1201,1,0.0,0.0,0.0,0,0,1,0.0,0.0,0.0,0.0,0.0,1,545.7070197799999,0.0,545.7070197799999,545.7070197799999,545.7070197799999,1,207.34062,0.0,207.34062,207.34062,207.34062,1,12.362750000000004,0.0,12.362750000000004,12.362750000000004,12.362750000000004,1,174.05498616,0.0,174.05498616,174.05498616,174.05498616,1,535.8613652099997,0.0,535.8613652099997,535.8613652099997,535.8613652099997,1,203.5193299999999,0.0,203.5193299999999,203.5193299999999,203.5193299999999,1,12.141840000000002,0.0,12.141840000000002,12.141840000000002,12.141840000000002,1,170.91468715999997,0.0,170.91468715999997,170.91468715999997,170.91468715999997,1,194.55633934926843,0.0,194.55633934926843,194.55633934926843,194.55633934926843,1,73.92140940732342,0.0,73.92140940732342,73.92140940732342,73.92140940732342,1,4.407587399663355,0.0,4.407587399663355,4.407587399663355,4.407587399663355,1,62.05436200257997,0.0,62.05436200257997,62.05436200257997,62.05436200257997,1,2804.8791502000054,0.0,2804.8791502000054,2804.8791502000054,2804.8791502000054,1,2576.157938200002,0.0,2576.157938200002,2576.157938200002,2576.157938200002,1,17538.480000000003,0.0,17538.480000000003,17538.480000000003,17538.480000000003,1,0.0,0.0,0.0,0,0,1,,,,,,0,,,,,,0,,,,,,0,,,,,,0,39.57389750360012,0.0,39.57389750360012,39.57389750360012,39.57389750360012,1,43.08742036117447,0.0,43.08742036117447,43.08742036117447,43.08742036117447,1,0.0,0.0,0.0,0.0,0.0,1,428.18244055697056,0.0,428.18244055697056,428.18244055697056,428.18244055697056,1,208.0079630460909,0.0,208.0079630460909,208.0079630460909,208.0079630460909,1,79.00110741742867,0.0,79.00110741742867,79.00110741742867,79.00110741742867,1,4.713158234577682,0.0,4.713158234577682,4.713158234577682,4.713158234577682,1,66.34480154559952,0.0,66.34480154559952,66.34480154559952,66.34480154559952,1,6.252846935936402,0.0,6.252846935936402,6.252846935936402,6.252846935936402,1,13.532675814751302,0.0,13.532675814751302,13.532675814751302,13.532675814751302,1,34.09999999999991,0.0,34.09999999999991,34.09999999999991,34.09999999999991,1,3.5652159913153256,0.0,3.5652159913153256,3.5652159913153256,3.5652159913153256,1,1,1,1
safety,scenario_3,IDM,0.2,30,0.2,vehicle_type_assignment,1,,1,1,0,6,1429.2,0.0,1429.2,1429.2,1429.2,1,1710.0,0.0,1710.0,1710.0,1710.0,1,31.138728769635847,0.0,31.138728769635847,31.138728769635847,31.138728769635847,1,0.0768066162574218,0.0,0.0768066162574218,0.0768066162574218,0.0768066162574218,1,25.0,0.0,25.0,25,25,1,406.0,0.0,406.0,406,406,1,0.0,0.0,0.0,0,0,1,18.0,0.0,18.0,18,18,1,388.0,0.0,388.0,388,388,1,194.0,0.0,194.0,194,194,1,0.0,0.0,0.0,0,0,1,192.0,0.0,192.0,192,192,1,0.8,0.0,0.8,0.8,0.8,1,30.0,0.0,30.0,30,30,1,39.0,0.0,39.0,39,39,1,4.0,0.0,4.0,4.0,4.0,1,0.0,0.0,0.0,0,0,1,0.0,0.0,0.0,0,0,1,1197.0,0.0,1197.0,1197,1197,1,0.0,0.0,0.0,0,0,1,0.0,0.0,0.0,0.0,0.0,1,535.6826752500001,0.0,535.6826752500001,535.6826752500001,535.6826752500001,1,200.2418100000001,0.0,200.2418100000001,200.2418100000001,200.2418100000001,1,12.24415000000001,0.0,12.24415000000001,12.24415000000001,12.24415000000001,1,170.85816973,0.0,170.85816973,170.85816973,170.85816973,1,526.5775630499998,0.0,526.5775630499998,526.5775630499998,526.5775630499998,1,196.78825,0.0,196.78825,196.78825,196.78825,1,12.041760000000004,0.0,12.041760000000004,12.041760000000004,12.041760000000004,1,167.95405812999994,0.0,167.95405812999994,167.95405812999994,167.95405812999994,1,192.26863108300407,0.0,192.26863108300407,192.26863108300407,192.26863108300407,1,71.87131574922634,0.0,71.87131574922634,71.87131574922634,71.87131574922634,1,4.394702438670974,0.0,4.394702438670974,4.394702438670974,4.394702438670974,1,61.324862499993024,0.0,61.324862499993024,61.324862499993024,61.324862499993024,1,2786.1158226000007,0.0,2786.1158226000007,2786.1158226000007,2786.1158226000007,1,2559.460046100002,0.0,2559.460046100002,2559.460046100002,2559.460046100002,1,18809.57,0.0,18809.57,18809.57,18809.57,1,244.0,0.0,244.0,244,244,1,72.18893442622955,0.0,72.18893442622955,72.18893442622955,72.18893442622955,1,67.75000000000023,0.0,67.75000000000023,67.75000000000023,67.75000000000023,1,111.29999999999995,0.0,111.29999999999995,111.29999999999995,111.29999999999995,1,15.071523485567994,0.0,15.071523485567994,15.071523485567994,15.071523485567994,1,68.91314368288745,0.0,68.91314368288745,68.91314368288745,68.91314368288745,1,75.01582229914531,0.0,75.01582229914531,75.01582229914531,75.01582229914531,1,0.0,0.0,0.0,0.0,0.0,1,429.6303801480015,0.0,429.6303801480015,429.6303801480015,429.6303801480015,1,205.73775466914464,0.0,205.73775466914464,205.73775466914464,205.73775466914464,1,76.88662704458218,0.0,76.88662704458218,76.88662704458218,76.88662704458218,1,4.704804835046648,0.0,4.704804835046648,4.704804835046648,4.704804835046648,1,65.62089468281457,0.0,65.62089468281457,65.62089468281457,65.62089468281457,1,6.75118020845484,0.0,6.75118020845484,6.75118020845484,6.75118020845484,1,14.107745266781418,0.0,14.107745266781418,14.107745266781418,14.107745266781418,1,56.700000000000045,0.0,56.700000000000045,56.700000000000045,56.700000000000045,1,13.997982310586512,0.0,13.997982310586512,13.997982310586512,13.997982310586512,1,1,1,1
safety,scenario_3,IDM,0.6,30,0.6,vehicle_type_assignment,1,,1,1,0,18,1603.2,0.0,1603.2,1603.2,1603.2,1,1740.0,0.0,1740.0,1740.0,1740.0,1,31.28356319498831,0.0,31.28356319498831,31.28356319498831,31.28356319498831,1,0.200342499495021,0.0,0.200342499495021,0.200342499495021,0.200342499495021,1,25.0,0.0,25.0,25,25,1,54.0,0.0,54.0,54,54,1,0.0,0.0,0.0,0,0,1,6.0,0.0,6.0,6,6,1,48.0,0.0,48.0,48,48,1,24.0,0.0,24.0,24,24,1,0.0,0.0,0.0,0,0,1,24.0,0.0,24.0,24,24,1,1.33,0.0,1.33,1.33,1.33,1,14.0,0.0,14.0,14,14,1,10.0,0.0,10.0,10,10,1,4.06,0.0,4.06,4.06,4.06,1,0.0,0.0,0.0,0,0,1,0.0,0.0,0.0,0,0,1,1338.0,0.0,1338.0,1338,1338,1,0.0,0.0,0.0,0,0,1,0.0,0.0,0.0,0.0,0.0,1,562.4886510200001,0.0,562.4886510200001,562.4886510200001,562.4886510200001,1,200.78974,0.0,200.78974,200.78974,200.78974,1,12.984499999999976,0.0,12.984499999999976,12.984499999999976,12.984499999999976,1,179.40852291,0.0,179.40852291,179.40852291,179.40852291,1,553.6258215499998,0.0,553.6258215499998,553.6258215499998,553.6258215499998,1,197.60848,0.0,197.60848,197.60848,197.60848,1,12.782829999999992,0.0,12.782829999999992,12.782829999999992,12.782829999999992,1,176.58167923000008,0.0,176.58167923000008,176.58167923000008,176.58167923000008,1,179.95220603957313,0.0,179.95220603957313,179.95220603957313,179.95220603957313,1,64.2369523324437,0.0,64.2369523324437,64.2369523324437,64.2369523324437,1,4.1540205568303135,0.0,4.1540205568303135,4.1540205568303135,4.1540205568303135,1,57.3966415525206,0.0,57.3966415525206,57.3966415525206,57.3966415525206,1,3125.7669100000016,0.0,3125.7669100000016,3125.7669100000016,3125.7669100000016,1,2872.9291593000003,0.0,2872.9291593000003,2872.9291593000003,2872.9291593000003,1,9529.939999999991,0.0,9529.939999999991,9529.939999999991,9529.939999999991,1,806.0,0.0,806.0,806,806,1,65.25769230769228,0.0,65.25769230769228,65.25769230769228,65.25769230769228,1,64.90000000000009,0.0,64.90000000000009,64.90000000000009,64.90000000000009,1,70.20000000000005,0.0,70.20000000000005,70.20000000000005,70.20000000000005,1,2.775541730077188,0.0,2.775541730077188,2.775541730077188,2.775541730077188,1,7.678115704411238,0.0,7.678115704411238,7.678115704411238,7.678115704411238,1,8.353843296939381,0.0,8.353843296939381,8.353843296939381,8.353843296939381,1,0.0,0.0,0.0,0.0,0.0,1,428.0549505209265,0.0,428.0549505209265,428.0549505209265,428.0549505209265,1,192.7043065986677,0.0,192.7043065986677,192.7043065986677,192.7043065986677,1,68.78292816943248,0.0,68.78292816943248,68.78292816943248,68.78292816943248,1,4.449406612975649,0.0,4.449406612975649,4.449406612975649,4.449406612975649,1,61.46398655824317,0.0,61.46398655824317,61.46398655824317,61.46398655824317,1,3.048832582337365,0.0,3.048832582337365,3.048832582337365,3.048832582337365,1,6.329173047473228,0.0,6.329173047473228,6.329173047473228,6.329173047473228,1,13.200000000000044,0.0,13.200000000000044,13.200000000000044,13.200000000000044,1,3.1992148768380155,0.0,3.1992148768380155,3.1992148768380155,3.1992148768380155,1,1,1,1
safety,scenario_3,IDM,1.0,30,1.0,vehicle_type_assignment,1,,1,1,0,30,1735.2,0.0,1735.2,1735.2,1735.2,1,1740.0,0.0,1740.0,1740.0,1740.0,1,32.43400000000001,0.0,32.43400000000001,32.43400000000001,32.43400000000001,1,0.0001839999999999,0.0,0.0001839999999999,0.0001839999999999,0.0001839999999999,1,25.0,0.0,25.0,25,25,1,0.0,0.0,0.0,0,0,1,0.0,0.0,0.0,0,0,1,0.0,0.0,0.0,0,0,1,0.0,0.0,0.0,0,0,1,0.0,0.0,0.0,0,0,1,0.0,0.0,0.0,0,0,1,0.0,0.0,0.0,0,0,1,,,,,,0,0.0,0.0,0.0,0,0,1,0.0,0.0,0.0,0,0,1,,,,,,0,0.0,0.0,0.0,0,0,1,0.0,0.0,0.0,0,0,1,1446.0,0.0,1446.0,1446,1446,1,0.0,0.0,0.0,0,0,1,0.0,0.0,0.0,0.0,0.0,1,600.7904854100003,0.0,600.7904854100003,600.7904854100003,600.7904854100003,1,209.20762999999985,0.0,209.20762999999985,209.20762999999985,209.20762999999985,1,14.42707000000006,0.0,14.42707000000006,14.42707000000006,14.42707000000006,1,191.62563766000017,0.0,191.62563766000017,191.62563766000017,191.62563766000017,1,591.5149297699999,0.0,591.5149297699999,591.5149297699999,591.5149297699999,1,205.9732,0.0,205.9732,205.9732,205.9732,1,14.204240000000002,0.0,14.204240000000002,14.204240000000002,14.204240000000002,1,188.66714527000013,0.0,188.66714527000013,188.66714527000013,188.66714527000013,1,178.12500520506134,0.0,178.12500520506134,178.12500520506134,178.12500520506134,1,62.02679817283976,0.0,62.02679817283976,62.02679817283976,62.02679817283976,1,4.277401159390964,0.0,4.277401159390964,4.277401159390964,4.277401159390964,1,56.81401176371321,0.0,56.81401176371321,56.81401176371321,56.81401176371321,1,3372.858766900006,0.0,3372.858766900006,3372.858766900006,3372.858766900006,1,3101.630087099999,0.0,3101.630087099999,3101.630087099999,3101.630087099999,1,2787.4300000000085,0.0,2787.4300000000085,2787.4300000000085,2787.4300000000085,1,1410.0,0.0,1410.0,1410,1410,1,62.26985815602907,0.0,62.26985815602907,62.26985815602907,62.26985815602907,1,62.29999999999973,0.0,62.29999999999973,62.29999999999973,62.29999999999973,1,62.5,0.0,62.5,62.5,62.5,1,0.1492510181040977,0.0,0.1492510181040977,0.1492510181040977,0.1492510181040977,1,0.0,0.0,0.0,0.0,0.0,1,0.0,0.0,0.0,0.0,0.0,1,0.0,0.0,0.0,0.0,0.0,1,428.7164390606899,0.0,428.7164390606899,428.7164390606899,428.7164390606899,1,190.71098524294425,0.0,190.71098524294425,190.71098524294425,190.71098524294425,1,66.4080480959557,0.0,66.4080480959557,66.4080480959557,66.4080480959557,1,4.579604788809894,0.0,4.579604788809894,4.579604788809894,4.579604788809894,1,60.828383776223454,0.0,60.828383776223454,60.828383776223454,60.828383776223454,1,0.8264295046548703,0.0,0.8264295046548703,0.8264295046548703,0.8264295046548703,1,1.66985815602846,0.0,1.66985815602846,1.66985815602846,1.66985815602846,1,1.900000000000091,0.0,1.900000000000091,1.900000000000091,1.900000000000091,1,0.0,0.0,0.0,0.0,0.0,1,1,1,1
safety,scenario_3,IDM,0.0,60,0.0,vehicle_type_assignment,1,,1,1,0,0,1114.8,0.0,1114.8,1114.8,1114.8,1,1320.0,0.0,1320.0,1320.0,1320.0,1,31.01253399419316,0.0,31.01253399419316,31.01253399419316,31.01253399419316,1,0.1311848776515023,0.0,0.1311848776515023,0.1311848776515023,0.1311848776515023,1,25.0,0.0,25.0,25,25,1,5252.0,0.0,5252.0,5252,5252,1,0.0,0.0,0.0,0,0,1,675.0,0.0,675.0,675,675,1,4577.0,0.0,4577.0,4577,4577,1,2284.0,0.0,2284.0,2284,2284,1,0.0,0.0,0.0,0,0,1,2221.0,0.0,2221.0,2221,2221,1,1.12,0.0,1.12,1.12,1.12,1,60.0,0.0,60.0,60,60,1,584.0,0.0,584.0,584,584,1,4.16,0.0,4.16,4.16,4.16,1,0.0,0.0,0.0,0,0,1,0.0,0.0,0.0,0,0,1,933.0,0.0,933.0,933,933,1,0.0,0.0,0.0,0,0,1,0.0,0.0,0.0,0.0,0.0,1,633.14562317,0.0,633.14562317,633.14562317,633.14562317,1,257.90996,0.0,257.90996,257.90996,257.90996,1,14.27070999999999,0.0,14.27070999999999,14.27070999999999,14.27070999999999,1,201.94757931999985,0.0,201.94757931999985,201.94757931999985,201.94757931999985,1,620.8540492799998,0.0,620.8540492799998,620.8540492799998,620.8540492799998,1,252.80808,0.0,252.80808,252.80808,252.80808,1,14.002299999999996,0.0,14.002299999999996,14.002299999999996,14.002299999999996,1,198.0271106099999,0.0,198.0271106099999,198.0271106099999,198.0271106099999,1,290.35596574116784,0.0,290.35596574116784,290.35596574116784,290.35596574116784,1,118.2756269168098,0.0,118.2756269168098,118.2756269168098,118.2756269168098,1,6.544443540675922,0.0,6.544443540675922,6.544443540675922,6.544443540675922,1,92.611687227609,0.0,92.611687227609,92.611687227609,92.611687227609,1,2180.584172099999,0.0,2180.584172099999,2180.584172099999,2180.584172099999,1,2002.694556599999,0.0,2002.694556599999,2002.694556599999,2002.694556599999,1,140506.6900000001,0.0,140506.6900000001,140506.6900000001,140506.6900000001,1,0.0,0.0,0.0,0,0,1,,,,,,0,,,,,,0,,,,,,0,,,,,,0,1018.5344039533586,0.0,1018.5344039533586,1018.5344039533586,1018.5344039533586,1,1109.005860469617,0.0,1109.005860469617,1109.005860469617,1109.005860469617,1,0.0,0.0,0.0,0.0,0.0,1,427.8669963478088,0.0,427.8669963478088,427.8669963478088,427.8669963478088,1,310.00935576218467,0.0,310.00935576218467,310.00935576218467,310.00935576218467,1,126.23396771457531,0.0,126.23396771457531,126.23396771457531,126.23396771457531,1,6.991730193630667,0.0,6.991730193630667,6.991730193630667,6.991730193630667,1,98.88033597404548,0.0,98.88033597404548,98.88033597404548,98.88033597404548,1,64.4353434266589,0.0,64.4353434266589,64.4353434266589,64.4353434266589,1,130.38135011441645,0.0,130.38135011441645,130.38135011441645,130.38135011441645,1,243.20000000000005,0.0,243.20000000000005,243.20000000000005,243.20000000000005,1,267.8181413366778,0.0,267.8181413366778,267.8181413366778,267.8181413366778,1,1,1,1
safety,scenario_3,IDM,0.2,60,0.2,vehicle_type_assignment,1,,1,1,0,12,1252.8,0.0,1252.8,1252.8,1252.8,1,1590.0,0.0,1590.0,1590.0,1590.0,1,30.961446899293414,0.0,30.961446899293414,30.961446899293414,30.961446899293414,1,0.1327623691636544,0.0,0.1327623691636544,0.1327623691636544,0.1327623691636544,1,25.0,0.0,25.0,25,25,1,5474.0,0.0,5474.0,5474,5474,1,0.0,0.0,0.0,0,0,1,753.0,0.0,753.0,753,753,1,4721.0,0.0,4721.0,4721,4721,1,2358.0,0.0,2358.0,2358,2358,1,0.0,0.0,0.0,0,0,1,2302.0,0.0,2302.0,2302,2302,1,0.79,0.0,0.79,0.79,0.79,1,60.0,0.0,60.0,60,60,1,688.0,0.0,688.0,688,688,1,4.76,0.0,4.76,4.76,4.76,1,0.0,0.0,0.0,0,0,1,0.0,0.0,0.0,0,0,1,1044.0,0.0,1044.0,1044,1044,1,0.0,0.0,0.0,0,0,1,0.0,0.0,0.0,0.0,0.0,1,658.5556654800007,0.0,658.5556654800007,658.5556654800007,658.5556654800007,1,264.89483000000024,0.0,264.89483000000024,264.89483000000024,264.89483000000024,1,14.699240000000016,0.0,14.699240000000016,14.699240000000016,14.699240000000016,1,210.0516453600001,0.0,210.0516453600001,210.0516453600001,210.0516453600001,1,645.5875714800011,0.0,645.5875714800011,645.5875714800011,645.5875714800011,1,259.5579700000001,0.0,259.5579700000001,259.5579700000001,259.5579700000001,1,14.418650000000005,0.0,14.418650000000005,14.418650000000005,14.418650000000005,1,205.91540444,0.0,205.91540444,205.91540444,205.91540444,1,269.98545251690905,0.0,269.98545251690905,269.98545251690905,269.98545251690905,1,108.59788214685346,0.0,108.59788214685346,108.59788214685346,108.59788214685346,1,6.026189084808921,0.0,6.026189084808921,6.026189084808921,6.026189084808921,1,86.11403940030814,0.0,86.11403940030814,86.11403940030814,86.11403940030814,1,2439.2264817999985,0.0,2439.2264817999985,2439.2264817999985,2439.2264817999985,1,2240.469951700001,0.0,2240.469951700001,2240.469951700001,2240.469951700001,1,132850.8200000001,0.0,132850.8200000001,132850.8200000001,132850.8200000001,1,151.0,0.0,151.0,151,151,1,214.4675496688742,0.0,214.4675496688742,214.4675496688742,214.4675496688742,1,200.5,0.0,200.5,200.5,200.5,1,328.6999999999998,0.0,328.6999999999998,328.6999999999998,328.6999999999998,1,48.95868585333908,0.0,48.95868585333908,48.95868585333908,48.95868585333908,1,943.7418038776236,0.0,943.7418038776236,943.7418038776236,943.7418038776236,1,1027.4630098267162,0.0,1027.4630098267162,1027.4630098267162,1027.4630098267162,1,0.0,0.0,0.0,0.0,0.0,1,428.00453659784495,0.0,428.00453659784495,428.00453659784495,428.00453659784495,1,288.1482837965083,0.0,288.1482837965083,288.1482837965083,288.1482837965083,1,115.84978847989252,0.0,115.84978847989252,115.84978847989252,115.84978847989252,1,6.435547144499558,0.0,6.435547144499558,6.435547144499558,6.435547144499558,1,91.90723771312248,0.0,91.90723771312248,91.90723771312248,91.90723771312248,1,54.46432342025263,0.0,54.46432342025263,54.46432342025263,54.46432342025263,1,109.74243353783228,0.0,109.74243353783228,109.74243353783228,109.74243353783228,1,241.9000000000001,0.0,241.9000000000001,241.9000000000001,241.9000000000001,1,282.0566294821047,0.0,282.0566294821047,282.0566294821047,282.0566294821047,1,1,1,1
safety,scenario_3,IDM,0.6,60,0.6,vehicle_type_assignment,1,,1,1,0,36,1870.8,0.0,1870.8,1870.8,1870.8,1,2640.0,0.0,2640.0,2640.0,2640.0,1,31.210042239316927,0.0,31.210042239316927,31.210042239316927,31.210042239316927,1,0.1848828945123261,0.0,0.1848828945123261,0.1848828945123261,0.1848828945123261,1,25.0,0.0,25.0,25,25,1,4059.0,0.0,4059.0,4059,4059,1,0.0,0.0,0.0,0,0,1,629.0,0.0,629.0,629,629,1,3430.0,0.0,3430.0,3430,3430,1,1711.0,0.0,1711.0,1711,1711,1,0.0,0.0,0.0,0,0,1,1679.0,0.0,1679.0,1679,1679,1,0.79,0.0,0.79,0.79,0.79,1,60.0,0.0,60.0,60,60,1,435.0,0.0,435.0,435,435,1,4.33,0.0,4.33,4.33,4.33,1,0.0,0.0,0.0,0,0,1,0.0,0.0,0.0,0,0,1,1552.0,0.0,1552.0,1552,1552,1,0.0,0.0,0.0,0,0,1,0.0,0.0,0.0,0.0,0.0,1,817.4576980100003,0.0,817.4576980100003,817.4576980100003,817.4576980100003,1,312.9295599999997,0.0,312.9295599999997,312.9295599999997,312.9295599999997,1,18.02589,0.0,18.02589,18.02589,18.02589,1,260.73321084999986,0.0,260.73321084999986,260.73321084999986,260.73321084999986,1,801.3179330299994,0.0,801.3179330299994,801.3179330299994,801.3179330299994,1,306.52602,0.0,306.52602,306.52602,306.52602,1,17.68156,0.0,17.68156,17.68156,17.68156,1,255.58534205,0.0,255.58534205,255.58534205,255.58534205,1,223.30164142264329,0.0,223.30164142264329,223.30164142264329,223.30164142264329,1,85.48171308163599,0.0,85.48171308163599,85.48171308163599,85.48171308163599,1,4.924060088861954,0.0,4.924060088861954,4.924060088861954,4.924060088861954,1,71.22344568769216,0.0,71.22344568769216,71.22344568769216,71.22344568769216,1,3660.7778286000016,0.0,3660.7778286000016,3660.7778286000016,3660.7778286000016,1,3363.6173061000013,0.0,3363.6173061000013,3363.6173061000013,3363.6173061000013,1,96007.52999999984,0.0,96007.52999999984,96007.52999999984,96007.52999999984,1,949.0,0.0,949.0,949,949,1,109.77881981032655,0.0,109.77881981032655,109.77881981032655,109.77881981032655,1,102.0,0.0,102.0,102.0,102.0,1,175.70000000000005,0.0,175.70000000000005,175.70000000000005,175.70000000000005,1,39.87922975083259,0.0,39.87922975083259,39.87922975083259,39.87922975083259,1,458.64569733861816,0.0,458.64569733861816,458.64569733861816,458.64569733861816,1,499.1649903082295,0.0,499.1649903082295,499.1649903082295,499.1649903082295,1,0.0,0.0,0.0,0.0,0.0,1,423.9536165988894,0.0,423.9536165988894,423.9536165988894,423.9536165988894,1,238.23100552396076,0.0,238.23100552396076,238.23100552396076,238.23100552396076,1,91.12987361674816,0.0,91.12987361674816,91.12987361674816,91.12987361674816,1,5.256709783224764,0.0,5.256709783224764,5.256709783224764,5.256709783224764,1,75.98526193407609,0.0,75.98526193407609,75.98526193407609,75.98526193407609,1,26.225991987259217,0.0,26.225991987259217,26.225991987259217,26.225991987259217,1,53.82828552368244,0.0,53.82828552368244,53.82828552368244,53.82828552368244,1,116.40000000000008,0.0,116.40000000000008,116.40000000000008,116.40000000000008,1,118.82720568332272,0.0,118.82720568332272,118.82720568332272,118.82720568332272,1,1,1,1
safety,scenario_3,IDM,1.0,60,1.0,vehicle_type_assignment,1,,1,1,0,60,3139.2,0.0,3139.2,3139.2,3139.2,1,3180.0,0.0,3180.0,3180.0,3180.0,1,29.34433962264151,0.0,29.34433962264151,29.34433962264151,29.34433962264151,1,0.0002420135279458,0.0,0.0002420135279458,0.0002420135279458,0.0002420135279458,1,25.0,0.0,25.0,25,25,1,128.0,0.0,128.0,128,128,1,0.0,0.0,0.0,0,0,1,126.0,0.0,126.0,126,126,1,2.0,0.0,2.0,2,2,1,1.0,0.0,1.0,1,1,1,0.0,0.0,0.0,0,0,1,0.0,0.0,0.0,0,0,1,,,,,,0,0.0,0.0,0.0,0,0,1,0.0,0.0,0.0,0,0,1,,,,,,0,0.0,0.0,0.0,0,0,1,0.0,0.0,0.0,0,0,1,2614.0,0.0,2614.0,2614,2614,1,0.0,0.0,0.0,0,0,1,0.0,0.0,0.0,0.0,0.0,1,1004.0854083500008,0.0,1004.0854083500008,1004.0854083500008,1004.0854083500008,1,337.1018500000007,0.0,337.1018500000007,337.1018500000007,337.1018500000007,1,21.23386999999992,0.0,21.23386999999992,21.23386999999992,21.23386999999992,1,320.2584024899996,0.0,320.2584024899996,320.2584024899996,320.2584024899996,1,988.6617680400002,0.0,988.6617680400002,988.6617680400002,988.6617680400002,1,331.92606000000046,0.0,331.92606000000046,331.92606000000046,331.92606000000046,1,20.908199999999965,0.0,20.908199999999965,20.908199999999965,20.908199999999965,1,315.3389500299998,0.0,315.3389500299998,315.3389500299998,315.3389500299998,1,164.5346916976363,0.0,164.5346916976363,164.5346916976363,164.5346916976363,1,55.23927396933067,0.0,55.23927396933067,55.23927396933067,55.23927396933067,1,3.479493103817569,0.0,3.479493103817569,3.479493103817569,3.479493103817569,1,52.47921847989035,0.0,52.47921847989035,52.47921847989035,52.47921847989035,1,6102.575681699991,0.0,6102.575681699991,6102.575681699991,6102.575681699991,1,5612.092496499995,0.0,5612.092496499995,5612.092496499995,5612.092496499995,1,24840.109999999924,0.0,24840.109999999924,24840.109999999924,24840.109999999924,1,2578.0,0.0,2578.0,2578,2578,1,68.8263382467036,0.0,68.8263382467036,68.8263382467036,68.8263382467036,1,68.80000000000018,0.0,68.80000000000018,68.80000000000018,68.80000000000018,1,69.10000000000014,0.0,69.10000000000014,69.10000000000014,69.10000000000014,1,0.270061362053507,0.0,0.270061362053507,0.270061362053507,0.270061362053507,1,0.0,0.0,0.0,0.0,0.0,1,0.0,0.0,0.0,0.0,0.0,1,0.0,0.0,0.0,0.0,0.0,1,428.34372506656393,0.0,428.34372506656393,428.34372506656393,428.34372506656393,1,176.16633522283948,0.0,176.16633522283948,176.16633522283948,176.16633522283948,1,59.14479495963538,0.0,59.14479495963538,59.14479495963538,59.14479495963538,1,3.725562259182195,0.0,3.725562259182195,3.725562259182195,3.725562259182195,1,56.18919328693572,0.0,56.18919328693572,56.18919328693572,56.18919328693572,1,4.070430469955308,0.0,4.070430469955308,4.070430469955308,4.070430469955308,1,8.226338246702985,0.0,8.226338246702985,8.226338246702985,8.226338246702985,1,8.500000000000227,0.0,8.500000000000227,8.500000000000227,8.500000000000227,1,0.0,0.0,0.0,0.0,0.0,1,1,1,1
safety,scenario_3,IDM,0.0,120,0.0,vehicle_type_assignment,1,,1,1,0,0,1143.6,0.0,1143.6,1143.6,1143.6,1,1350.0,0.0,1350.0,1350.0,1350.0,1,30.538357578177354,0.0,30.538357578177354,30.538357578177354,30.538357578177354,1,0.1532503840539633,0.0,0.1532503840539633,0.1532503840539633,0.1532503840539633,1,25.0,0.0,25.0,25,25,1,4588.0,0.0,4588.0,4588,4588,1,0.0,0.0,0.0,0,0,1,569.0,0.0,569.0,569,569,1,4019.0,0.0,4019.0,4019,4019,1,2002.0,0.0,2002.0,2002,2002,1,0.0,0.0,0.0,0,0,1,1886.0,0.0,1886.0,1886,1886,1,1.17,0.0,1.17,1.17,1.17,1,118.0,0.0,118.0,118,118,1,332.0,0.0,332.0,332,332,1,3.86,0.0,3.86,3.86,3.86,1,0.0,0.0,0.0,0,0,1,0.0,0.0,0.0,0,0,1,1191.0,0.0,1191.0,1191,1191,1,0.0,0.0,0.0,0,0,1,0.0,0.0,0.0,0.0,0.0,1,881.72224011,0.0,881.72224011,881.72224011,881.72224011,1,371.9137099999999,0.0,371.9137099999999,371.9137099999999,371.9137099999999,1,19.67348000000001,0.0,19.67348000000001,19.67348000000001,19.67348000000001,1,281.23753382,0.0,281.23753382,281.23753382,281.23753382,1,866.7808617599998,0.0,866.7808617599998,866.7808617599998,866.7808617599998,1,365.6045600000001,0.0,365.6045600000001,365.6045600000001,365.6045600000001,1,19.348400000000005,0.0,19.348400000000005,19.348400000000005,19.348400000000005,1,276.47184486000015,0.0,276.47184486000015,276.47184486000015,276.47184486000015,1,394.1939867382652,0.0,394.1939867382652,394.1939867382652,394.1939867382652,1,166.2724851413853,0.0,166.2724851413853,166.2724851413853,166.2724851413853,1,8.795476808261098,0.0,8.795476808261098,8.795476808261098,8.795476808261098,1,125.73363768516576,0.0,125.73363768516576,125.73363768516576,125.73363768516576,1,2236.7724262,0.0,2236.7724262,2236.7724262,2236.7724262,1,2054.2238901000005,0.0,2054.2238901000005,2054.2238901000005,2054.2238901000005,1,339434.94000000024,0.0,339434.94000000024,339434.94000000024,339434.94000000024,1,0.0,0.0,0.0,0,0,1,,,,,,0,,,,,,0,,,,,,0,,,,,,0,843.1792067483955,0.0,843.1792067483955,843.1792067483955,843.1792067483955,1,918.1082982674244,0.0,918.1082982674244,918.1082982674244,918.1082982674244,1,0.0,0.0,0.0,0.0,0.0,1,532.4636454068606,0.0,532.4636454068606,532.4636454068606,532.4636454068606,1,421.9505312625901,0.0,421.9505312625901,421.9505312625901,421.9505312625901,1,177.97697795355805,0.0,177.97697795355805,177.97697795355805,177.97697795355805,1,9.418837008588248,0.0,9.418837008588248,9.418837008588248,9.418837008588248,1,134.58700689462887,0.0,134.58700689462887,134.58700689462887,134.58700689462887,1,151.75211211659035,0.0,151.75211211659035,151.75211211659035,151.75211211659035,1,300.70960854092544,0.0,300.70960854092544,300.70960854092544,300.70960854092544,1,472.69999999999993,0.0,472.69999999999993,472.69999999999993,472.69999999999993,1,148.42815304372604,0.0,148.42815304372604,148.42815304372604,148.42815304372604,1,1,1,1
safety,scenario_3,IDM,0.2,120,0.2,vehicle_type_assignment,1,,1,1,0,24,1354.8,0.0,1354.8,1354.8,1354.8,1,1530.0,0.0,1530.0,1530.0,1530.0,1,30.563882729616054,0.0,30.563882729616054,30.563882729616054,30.563882729616054,1,0.1060861402884912,0.0,0.1060861402884912,0.1060861402884912,0.1060861402884912,1,25.0,0.0,25.0,25,25,1,6444.0,0.0,6444.0,6444,6444,1,0.0,0.0,0.0,0,0,1,954.0,0.0,954.0,954,954,1,5490.0,0.0,5490.0,5490,5490,1,2737.0,0.0,2737.0,2737,2737,1,0.0,0.0,0.0,0,0,1,2596.0,0.0,2596.0,2596,2596,1,0.77,0.0,0.77,0.77,0.77,1,120.0,0.0,120.0,120,120,1,617.0,0.0,617.0,617,617,1,4.79,0.0,4.79,4.79,4.79,1,0.0,0.0,0.0,0,0,1,0.0,0.0,0.0,0,0,1,1454.0,0.0,1454.0,1454,1454,1,0.0,0.0,0.0,0,0,1,0.0,0.0,0.0,0.0,0.0,1,959.0660858799988,0.0,959.0660858799988,959.0660858799988,959.0660858799988,1,400.3179699999999,0.0,400.3179699999999,400.3179699999999,400.3179699999999,1,21.22909000000003,0.0,21.22909000000003,21.22909000000003,21.22909000000003,1,305.90650662999985,0.0,305.90650662999985,305.90650662999985,305.90650662999985,1,942.7767850499994,0.0,942.7767850499994,942.7767850499994,942.7767850499994,1,393.5000899999998,0.0,393.5000899999998,393.5000899999998,393.5000899999998,1,20.87664000000001,0.0,20.87664000000001,20.87664000000001,20.87664000000001,1,300.71090082000006,0.0,300.71090082000006,300.71090082000006,300.71090082000006,1,363.2740833872528,0.0,363.2740833872528,363.2740833872528,363.2740833872528,1,151.63203636979787,0.0,151.63203636979787,151.63203636979787,151.63203636979787,1,8.041133269579975,0.0,8.041133269579975,8.041133269579975,8.041133269579975,1,115.8709576267035,0.0,115.8709576267035,115.8709576267035,115.8709576267035,1,2640.061952500002,0.0,2640.061952500002,2640.061952500002,2640.061952500002,1,2424.743384100001,0.0,2424.743384100001,2424.743384100001,2424.743384100001,1,332871.9700000001,0.0,332871.9700000001,332871.9700000001,332871.9700000001,1,194.0,0.0,194.0,194,194,1,324.9762886597939,0.0,324.9762886597939,324.9762886597939,324.9762886597939,1,310.75,0.0,310.75,310.75,310.75,1,435.3,0.0,435.3,435.3,435.3,1,73.93220741627053,0.0,73.93220741627053,73.93220741627053,73.93220741627053,1,983.310258133042,0.0,983.310258133042,983.310258133042,983.310258133042,1,1070.628758912385,0.0,1070.628758912385,1070.628758912385,1070.628758912385,1,0.0,0.0,0.0,0.0,0.0,1,550.7446515121121,0.0,550.7446515121121,550.7446515121121,550.7446515121121,1,388.81507677561206,0.0,388.81507677561206,388.81507677561206,388.81507677561206,1,162.2852515364451,0.0,162.2852515364451,162.2852515364451,162.2852515364451,1,8.609834812581148,0.0,8.609834812581148,8.609834812581148,8.609834812581148,1,124.01761885067098,0.0,124.01761885067098,124.01761885067098,124.01761885067098,1,126.08490860784065,0.0,126.08490860784065,126.08490860784065,126.08490860784065,1,252.52906746031763,0.0,252.52906746031763,252.52906746031763,252.52906746031763,1,378.2000000000003,0.0,378.2000000000003,378.2000000000003,378.2000000000003,1,233.70663685211363,0.0,233.70663685211363,233.70663685211363,233.70663685211363,1,1,1,1
safety,scenario_3,IDM,0.6,120,0.6,vehicle_type_assignment,1,,1,1,0,72,1813.2,0.0,1813.2,1813.2,1813.2,1,2250.0,0.0,2250.0,2250.0,2250.0,1,30.84880179277067,0.0,30.84880179277067,30.84880179277067,30.84880179277067,1,0.1031643635251289,0.0,0.1031643635251289,0.1031643635251289,0.1031643635251289,1,25.0,0.0,25.0,25,25,1,11659.0,0.0,11659.0,11659,11659,1,0.0,0.0,0.0,0,0,1,1582.0,0.0,1582.0,1582,1582,1,10077.0,0.0,10077.0,10077,10077,1,5022.0,0.0,5022.0,5022,5022,1,0.0,0.0,0.0,0,0,1,4853.0,0.0,4853.0,4853,4853,1,0.75,0.0,0.75,0.75,0.75,1,120.0,0.0,120.0,120,120,1,1646.0,0.0,1646.0,1646,1646,1,4.98,0.0,4.98,4.98,4.98,1,0.0,0.0,0.0,0,0,1,0.0,0.0,0.0,0,0,1,1764.0,0.0,1764.0,1764,1764,1,0.0,0.0,0.0,0,0,1,0.0,0.0,0.0,0.0,0.0,1,1142.7545699099985,0.0,1142.7545699099985,1142.7545699099985,1142.7545699099985,1,467.46927,0.0,467.46927,467.46927,467.46927,1,25.02341,0.0,25.02341,25.02341,25.02341,1,364.4941482699999,0.0,364.4941482699999,364.4941482699999,364.4941482699999,1,1123.0134350499995,0.0,1123.0134350499995,1123.0134350499995,1123.0134350499995,1,459.33394,0.0,459.33394,459.33394,459.33394,1,24.60220000000001,0.0,24.60220000000001,24.60220000000001,24.60220000000001,1,358.19757719000006,0.0,358.19757719000006,358.19757719000006,358.19757719000006,1,322.788610221336,0.0,322.788610221336,322.788610221336,322.788610221336,1,132.04388760078783,0.0,132.04388760078783,132.04388760078783,132.04388760078783,1,7.068247154360394,0.0,7.068247154360394,7.068247154360394,7.068247154360394,1,102.95698013541887,0.0,102.95698013541887,102.95698013541887,102.95698013541887,1,3540.2567926,0.0,3540.2567926,3540.2567926,3540.2567926,1,3251.4082318,0.0,3251.4082318,3251.4082318,3251.4082318,1,309503.65,0.0,309503.65,309503.65,309503.65,1,826.0,0.0,826.0,826,826,1,238.51779661016948,0.0,238.51779661016948,238.51779661016948,238.51779661016948,1,224.45000000000005,0.0,224.45000000000005,224.45000000000005,224.45000000000005,1,339.5,0.0,339.5,339.5,339.5,1,59.78596740688434,0.0,59.78596740688434,59.78596740688434,59.78596740688434,1,1370.804516255418,0.0,1370.804516255418,1370.804516255418,1370.804516255418,1,1492.5840294478644,0.0,1492.5840294478644,1492.5840294478644,1492.5840294478644,1,0.0,0.0,0.0,0.0,0.0,1,498.2689401760885,0.0,498.2689401760885,498.2689401760885,498.2689401760885,1,345.3929359181982,0.0,345.3929359181982,345.3929359181982,345.3929359181982,1,141.2723064140457,0.0,141.2723064140457,141.2723064140457,141.2723064140457,1,7.56662905610597,0.0,7.56662905610597,7.56662905610597,7.56662905610597,1,110.16690358555796,0.0,110.16690358555796,110.16690358555796,110.16690358555796,1,87.42406783794274,0.0,87.42406783794274,87.42406783794274,87.42406783794274,1,173.94224446032845,0.0,173.94224446032845,173.94224446032845,173.94224446032845,1,278.9,0.0,278.9,278.9,278.9,1,464.9380246767809,0.0,464.9380246767809,464.9380246767809,464.9380246767809,1,1,1,1
safety,scenario_3,IDM,1.0,120,1.0,vehicle_type_assignment,1,,1,1,0,120,3204.0,0.0,3204.0,3204.0,3204.0,1,3600.0,0.0,3600.0,3600.0,3600.0,1,30.380253722724447,0.0,30.380253722724447,30.380253722724447,30.380253722724447,1,0.2092610023977614,0.0,0.2092610023977614,0.2092610023977614,0.2092610023977614,1,25.0,0.0,25.0,25,25,1,21704.0,0.0,21704.0,21704,21704,1,0.0,0.0,0.0,0,0,1,3150.0,0.0,3150.0,3150,3150,1,18554.0,0.0,18554.0,18554,18554,1,9271.0,0.0,9271.0,9271,9271,1,0.0,0.0,0.0,0,0,1,9023.0,0.0,9023.0,9023,9023,1,0.74,0.0,0.74,0.74,0.74,1,120.0,0.0,120.0,120,120,1,3301.0,0.0,3301.0,3301,3301,1,4.91,0.0,4.91,4.91,4.91,1,0.0,0.0,0.0,0,0,1,0.0,0.0,0.0,0,0,1,2849.0,0.0,2849.0,2849,2849,1,0.0,0.0,0.0,0,0,1,0.0,0.0,0.0,0.0,0.0,1,1523.6926860299995,0.0,1523.6926860299995,1523.6926860299995,1523.6926860299995,1,595.6479100000005,0.0,595.6479100000005,595.6479100000005,595.6479100000005,1,32.83269,0.0,32.83269,32.83269,32.83269,1,485.99100922000014,0.0,485.99100922000014,485.99100922000014,485.99100922000014,1,1495.01138424,0.0,1495.01138424,1495.01138424,1495.01138424,1,584.1204200000006,0.0,584.1204200000006,584.1204200000006,584.1204200000006,1,32.20657,0.0,32.20657,32.20657,32.20657,1,476.8430164,0.0,476.8430164,476.8430164,476.8430164,1,244.08779158041423,0.0,244.08779158041423,244.08779158041423,244.08779158041423,1,95.41975507555,0.0,95.41975507555,95.41975507555,95.41975507555,1,5.259629364386517,0.0,5.259629364386517,5.259629364386517,5.259629364386517,1,77.85327924459894,0.0,77.85327924459894,77.85327924459894,77.85327924459894,1,6242.396131999998,0.0,6242.396131999998,6242.396131999998,6242.396131999998,1,5733.023778600004,0.0,5733.023778600004,5733.023778600004,5733.023778600004,1,229999.22000000003,0.0,229999.22000000003,229999.22000000003,229999.22000000003,1,2552.0,0.0,2552.0,2552,2552,1,134.8465125391848,0.0,134.8465125391848,134.8465125391848,134.8465125391848,1,129.25,0.0,129.25,129.25,129.25,1,186.0999999999999,0.0,186.0999999999999,186.0999999999999,186.0999999999999,1,32.46632502401358,0.0,32.46632502401358,32.46632502401358,32.46632502401358,1,1445.4385478271668,0.0,1445.4385478271668,1445.4385478271668,1445.4385478271668,1,1573.864045999719,0.0,1573.864045999719,1573.864045999719,1573.864045999719,1,0.0,0.0,0.0,0.0,0.0,1,456.39525908895024,0.0,456.39525908895024,456.39525908895024,456.39525908895024,1,260.7718791993358,0.0,260.7718791993358,260.7718791993358,260.7718791993358,1,101.88696969658164,0.0,101.88696969658164,101.88696969658164,101.88696969658164,1,5.617728312974972,0.0,5.617728312974972,5.617728312974972,5.617728312974972,1,83.17478433979988,0.0,83.17478433979988,83.17478433979988,83.17478433979988,1,36.84470115905808,0.0,36.84470115905808,36.84470115905808,36.84470115905808,1,74.24651253918498,0.0,74.24651253918498,74.24651253918498,74.24651253918498,1,125.5,0.0,125.5,125.5,125.5,1,528.8033521420234,0.0,528.8033521420234,528.8033521420234,528.8033521420234,1,1,1,1
